"sample.id","cor"
"GTEX-13X6I-0011-R8a-SM-5PNZF",0.926000349517655
"GTEX-ZAB4-0011-R8b-SM-4SOKF",0.923918929693369
"GTEX-13RTJ-0011-R4b-SM-5PNX1",0.923745883430348
"GTEX-12WSA-0011-R4a-SM-57WB7",0.923298997374969
"GTEX-13RTJ-0011-R2a-SM-5PNW9",0.922734290811861
"GTEX-1445S-0011-R5a-SM-5PNUS",0.922573516938655
"GTEX-X4XX-0011-R5A-SM-46MWN",0.922561267857099
"GTEX-13QJC-0011-R2b-SM-5PNUN",0.922397055230648
"GTEX-NPJ7-0011-R4a-SM-2I3GJ",0.922265538214933
"GTEX-NPJ8-0011-R4a-SM-2HML3",0.922234976932833
"GTEX-13SLW-0011-R4b-SM-5S2W2",0.9218664557377
"GTEX-ZVZQ-0011-R4b-SM-57WCZ",0.921798012973877
"GTEX-13FHO-0011-R3b-SM-5K7YA",0.921643307934258
"GTEX-11H98-0011-R8a-SM-5NQ8V",0.921498551185821
"GTEX-11ZTS-0011-R1a-SM-5BC71",0.921326101041529
"GTEX-11ZVC-0011-R3a-SM-5BC6V",0.921223592384633
"GTEX-13FXS-0011-R9a-SM-5K7UI",0.921175890270814
"GTEX-13QJC-0011-R7b-SM-5PNUM",0.921168739176615
"GTEX-R55E-0011-R8A-SM-2TC66",0.921030513358418
"GTEX-13RTJ-0011-R1a-SM-5O9D9",0.920693507358511
"GTEX-131YS-0011-R9b-SM-5EQLY",0.920349165451584
"GTEX-11UD1-0011-R2b-SM-5BC6O",0.92028059457597
"GTEX-T2IS-0011-R2A-SM-32QPF",0.920197906584818
"GTEX-13OW5-0011-R4b-SM-5L3HS",0.920124409273624
"GTEX-13SLX-0011-R2b-SM-5S2VP",0.920113738114841
"GTEX-12WSA-2926-SM-5EQ4D",0.920087657818791
"GTEX-13FHO-0011-R1b-SM-5KLZG",0.920013960618781
"GTEX-13G51-0011-R1a-SM-5LZYR",0.919981809253227
"GTEX-12126-0011-R9b-SM-5BC6P",0.919901182680015
"GTEX-13SLW-0011-R1a-SM-5S2W7",0.919777867272882
"GTEX-QVJO-0011-R2A-SM-2S1QK",0.919738420818804
"GTEX-12WSD-0011-R4b-SM-5LZUA",0.919716480047245
"GTEX-WWYW-0011-R7A-SM-3NB3H",0.919676369637939
"GTEX-XLM4-0011-R2B-SM-4AT5Z",0.91932334377411
"GTEX-13N2G-0011-R1b-SM-5MR3G",0.91920101793645
"GTEX-144GO-0011-R5a-SM-5PNUR",0.918797429940577
"GTEX-P44H-0011-R1A-SM-3NM8J",0.918652386418668
"GTEX-13OW6-0011-R2a-SM-5L3HG",0.91834766700527
"GTEX-NL4W-0011-R8a-SM-2I3G4",0.918296709218442
"GTEX-13PVQ-0011-R5b-SM-5O9DI",0.918216654600872
"GTEX-XLM4-0011-R4B-SM-4AT5C",0.918019897402742
"GTEX-1477Z-0011-R5b-SM-5PNUO",0.917951486153385
"GTEX-144FL-3026-SM-5O99C",0.917904423928871
"GTEX-YJ89-0011-R1a-SM-4RGLS",0.917873228377359
"GTEX-13SLX-0011-R6a-SM-5PNX4",0.91786492125418
"GTEX-11H98-0011-R5b-SM-57WCF",0.917780484265385
"GTEX-13NYS-0011-R3b-SM-5MR41",0.917503110517233
"GTEX-14BIN-0011-R9a-SM-5SI76",0.917475384095521
"GTEX-WVLH-0011-R1A-SM-4MVOK",0.917340565605212
"GTEX-13JUV-0011-R1a-SM-5LZY4",0.91719268404815
"GTEX-13FXS-0011-R6b-SM-5L3F7",0.917191311629122
"GTEX-13OW7-0011-R3a-SM-5O9DA",0.917112551721071
"GTEX-YFC4-0011-R1a-SM-4V6EH",0.91667531862445
"GTEX-13CIG-0011-R3b-SM-5K7XF",0.916574589183735
"GTEX-ZVT3-0011-R7a-SM-57WCO",0.916511591837637
"GTEX-11EI6-3026-SM-5GZZO",0.916503633640518
"GTEX-13X6K-0011-R8b-SM-5PNZ4",0.916497241265057
"GTEX-139UC-0011-R4a-SM-5K7XM",0.916491997074287
"GTEX-13N2G-0011-R9b-SM-5MR4E",0.916488111570099
"GTEX-13FHP-0011-R1b-SM-5K7XL",0.916421455837134
"GTEX-13PLJ-0011-R5a-SM-5O9BG",0.916408346897
"GTEX-ZF28-0011-R6a-SM-4WKHI",0.91636910824101
"GTEX-13OVJ-0011-R3b-SM-5P9H6",0.916298270340298
"GTEX-11WQC-0011-R5a-SM-5BC74",0.91617155088129
"GTEX-13OVJ-0011-R2b-SM-5L3GP",0.916141054330487
"GTEX-13OVL-0011-R8a-SM-5L3HH",0.916045776472993
"GTEX-ZUA1-0011-R3a-SM-4YCEE",0.915991143545232
"GTEX-ZV68-0011-R2a-SM-4YCDK",0.915826678155646
"GTEX-X261-0011-R7A-SM-4E3JJ",0.915789979522065
"GTEX-ZAB4-0011-R9a-SM-4SOKG",0.915689472216503
"GTEX-12ZZX-0011-R7b-SM-5DUVV",0.915539042194524
"GTEX-X261-0011-R6B-SM-4E3J8",0.915466753171444
"GTEX-13OVJ-0011-R8b-SM-5L3FS",0.915431230350133
"GTEX-R55E-0011-R7A-SM-2TC5Z",0.915415325952839
"GTEX-TSE9-0011-R9A-SM-3DB7Q",0.915284645085389
"GTEX-QMR6-0011-R5A-SM-32PKT",0.91510113827248
"GTEX-12WS9-0011-R2a-SM-5CVNE",0.91506404099158
"GTEX-ZVZQ-0011-R3a-SM-57WC7",0.914897663318417
"GTEX-13112-0011-R5b-SM-5DUV8",0.914733402243916
"GTEX-PWO3-0011-R2A-SM-2S1OX",0.914650860201556
"GTEX-13NYB-0011-R2a-SM-5MR3C",0.914565145313438
"GTEX-WHSE-0011-R3A-SM-3P5ZM",0.914460633771692
"GTEX-1313W-0011-R2a-SM-5EGLF",0.914443959082134
"GTEX-13RTJ-0011-R8b-SM-5O9DL",0.914270920240282
"GTEX-ZF28-0011-R3a-SM-4WWDA",0.914199529832631
"GTEX-145MH-0011-R8a-SM-5PNUL",0.914178084241608
"GTEX-12ZZZ-0011-R7b-SM-5EGLE",0.914028045288252
"GTEX-13O3Q-0011-R2b-SM-5KM3K",0.913643098457037
"GTEX-145MI-0011-R10a-SM-5PNZD",0.913594352119355
"GTEX-P44G-0011-R2A-SM-2XCD2",0.913557556165286
"GTEX-1399T-3026-SM-5KLZC",0.913472514036135
"GTEX-12WS9-0011-R4b-SM-5P9EU",0.913446200782116
"GTEX-12WSD-0011-R1b-SM-5LZVY",0.913428988055118
"GTEX-ZAB4-0011-R5a-SM-4SOKC",0.913295760935357
"GTEX-Q2AG-0011-R6A-SM-2HML7",0.913216866208423
"GTEX-ZUA1-0011-R7b-SM-4YCDP",0.913207847209508
"GTEX-QVJO-0011-R5A-SM-2S1QM",0.913123312421684
"GTEX-13FHP-3026-SM-5IJBS",0.913078684452147
"GTEX-13OW5-0011-R5b-SM-5L3FR",0.913071340069344
"GTEX-13FLW-0011-R7b-SM-5L3EZ",0.913032393559617
"GTEX-Q2AG-0011-R7A-SM-2HMJP",0.913007527613157
"GTEX-ZDXO-0011-R2b-SM-4WKFG",0.912770209520536
"GTEX-132Q8-0011-R5a-SM-5IJDM",0.912767048398444
"GTEX-12WSH-0011-R1a-SM-5GU5V",0.912625340148977
"GTEX-12ZZY-0011-R6b-SM-5EGLA",0.912482231215729
"GTEX-11GSP-0011-R7b-SM-57WC3",0.912304701188921
"GTEX-13PL6-0011-R5b-SM-5O9BI",0.912226832976582
"GTEX-13G51-0011-R10b-SM-5LZYF",0.91221245526739
"GTEX-1477Z-0011-R10b-SM-5S2RF",0.912083980329026
"GTEX-N7MT-0011-R2a-SM-2I3GI",0.911984457127398
"GTEX-NPJ7-0011-R10A-SM-2I3E5",0.911983775222581
"GTEX-13CF2-0011-R8b-SM-5IJCX",0.911979768987554
"GTEX-139TT-0011-R5b-SM-5K7W8",0.911920509453185
"GTEX-11GSP-0011-R8b-SM-5NQ79",0.911905971477867
"GTEX-13X6K-0011-R6a-SM-5P9K6",0.911852103532796
"GTEX-TSE9-0011-R1A-SM-3DB7E",0.911783506971036
"GTEX-13CIG-0011-R5b-SM-5L3F2",0.911679088204256
"GTEX-ZE9C-0011-R4a-SM-4WKH6",0.911608337528732
"GTEX-12WSH-0011-R9b-SM-5LZUG",0.911524748827544
"GTEX-11NV4-0011-R6a-SM-57WD5",0.911433073386533
"GTEX-145LS-0011-R3a-SM-5S2VJ",0.911199104375445
"GTEX-WL46-0011-R5A-SM-3LK6V",0.911125957781837
"GTEX-139UC-0011-R5b-SM-5K7VY",0.911098857539829
"GTEX-ZVT3-0011-R3b-SM-51MTJ",0.910973161488583
"GTEX-13X6J-3026-SM-5Q5CU",0.91077284974475
"GTEX-12WS9-0011-R10a-SM-57WBV",0.910699098161126
"GTEX-13OW6-0011-R5a-SM-5O9BK",0.910576421844633
"GTEX-WL46-0011-R2A-SM-3LK6O",0.910484462450969
"GTEX-131YS-0011-R7a-SM-5IJDA",0.910433781562176
"GTEX-13OW8-0011-R7a-SM-5L3FP",0.910294448201769
"GTEX-12ZZZ-0011-R6b-SM-5EQ5B",0.910244497069788
"GTEX-13S7M-0011-R5b-SM-5P9HS",0.910234758197316
"GTEX-NL4W-0011-R9a-SM-2I3G1",0.910084861644579
"GTEX-13FTZ-0011-R10b-SM-5KLZS",0.909985869600122
"GTEX-13CZV-0011-R3a-SM-5KM27",0.909902057021344
"GTEX-WHSE-0011-R6A-SM-3P5ZP",0.909886203220982
"GTEX-X4XX-0011-R3B-SM-46MWK",0.909691756760308
"GTEX-13JVG-0011-R6a-SM-5MR3E",0.909625416103617
"GTEX-131XH-0011-R1a-SM-5DUWA",0.90953718373075
"GTEX-T6MN-0011-R1A-SM-32QOY",0.909531876405319
"GTEX-13OW6-0011-R7b-SM-5L3H4",0.909400524003236
"GTEX-Y8DK-0826-SM-4TT3T",0.909367205269139
"GTEX-ZDXO-0011-R8a-SM-4WWD7",0.909282448133075
"GTEX-13N2G-0011-R6b-SM-5MR3P",0.909148436729924
"GTEX-13112-0011-R7b-SM-5DUVW",0.908979771751807
"GTEX-ZAB4-0011-R3a-SM-4RGNQ",0.908972385611982
"GTEX-X4XX-0011-R6B-SM-46MWP",0.908960318991
"GTEX-13PL6-0011-R9b-SM-5O9CH",0.908899300615005
"GTEX-13O3Q-0011-R1b-SM-5KM3L",0.908895968634759
"GTEX-S7SE-0011-R6A-SM-2XCD9",0.908883309251886
"GTEX-NPJ8-1526-SM-2D7VU",0.908824805114836
"GTEX-WHSE-3026-SM-3P5ZH",0.90881775667324
"GTEX-12WSD-0011-R3b-SM-5LZWN",0.908800937415007
"GTEX-13RTJ-0011-R9a-SM-5Q5AY",0.908787971453603
"GTEX-11EMC-3226-SM-5EGKW",0.908780241988166
"GTEX-QMR6-0011-R10A-SM-32PKO",0.908767607552705
"GTEX-147GR-0011-R10b-SM-5S2UM",0.90874181423487
"GTEX-13JUV-0011-R6b-SM-5LZYG",0.908663137194165
"GTEX-ZE9C-0011-R6a-SM-4WWCW",0.908612190877753
"GTEX-RVPU-0011-R7A-SM-2XCAB",0.908521981286329
"GTEX-11H98-0011-R10b-SM-5NQ98",0.908336669051027
"GTEX-13OVH-3026-SM-5MR4N",0.908301288191973
"GTEX-13O3O-0011-R7b-SM-5P9GZ",0.908290547737986
"GTEX-145LS-0011-R7a-SM-5PNWM",0.90823507535108
"GTEX-13FXS-0011-R10a-SM-5J2MA",0.908212076359337
"GTEX-RU72-0011-R5A-SM-2TF6U",0.908142442133061
"GTEX-13FLW-0011-R5a-SM-5LZX6",0.908105424438957
"GTEX-ZVT3-0011-R10b-SM-57WB6",0.907900615589513
"GTEX-12WSM-0011-R1a-SM-5LZW6",0.907875949942555
"GTEX-P44G-0011-R5A-SM-2I3FA",0.907793537911631
"GTEX-WVLH-0011-R2A-SM-3MJFJ",0.907757325891569
"GTEX-144GO-0011-R6b-SM-5S2V7",0.907743343446547
"GTEX-12WSD-0011-R7b-SM-5PNWE",0.907688943367044
"GTEX-QVUS-0011-R3A-SM-3GAFD",0.90763497917233
"GTEX-P44G-0011-R7A-SM-2I3F9",0.907541737536934
"GTEX-P44H-0011-R5A-SM-2XCEX",0.907474464273045
"GTEX-12ZZY-0011-R10b-SM-5HL7W",0.907466503664084
"GTEX-12ZZX-0011-R8a-SM-5DUW8",0.907446593795005
"GTEX-13FXS-0011-R5b-SM-5LZYE",0.907253982019136
"GTEX-147F4-0011-R10b-SM-5S2WC",0.907233778627554
"GTEX-12WSA-0011-R7b-SM-5GU5U",0.907216166803925
"GTEX-N7MS-0011-R6a-SM-2HMJ4",0.90706452444563
"GTEX-QVUS-0011-R8A-SM-3GAD7",0.906966490428404
"GTEX-13NYB-0011-R5a-SM-5MR45",0.906916131983116
"GTEX-X4XX-3026-SM-3NMB2",0.906838494880357
"GTEX-ZF28-0011-R1a-SM-4WWD1",0.906785814631996
"GTEX-144GL-3026-SM-5Q5CW",0.906641157008086
"GTEX-14753-0011-R5a-SM-5S2VW",0.906567519909892
"GTEX-RU72-0011-R2A-SM-2TF6O",0.906512230996986
"GTEX-ZAK1-3026-SM-5S2MJ",0.90644281905345
"GTEX-13O3Q-0011-R5b-SM-5P9H4",0.906414983443962
"GTEX-RU72-0011-R7A-SM-2TF5U",0.906335441585393
"GTEX-13X6J-0011-R5b-SM-5PNWT",0.905785823653716
"GTEX-T6MN-0011-R6A-SM-32QP8",0.905582980194817
"GTEX-1313W-0011-R3a-SM-5EGLI",0.905473996127381
"GTEX-13VXU-0011-R3b-SM-5O9CU",0.905458046606553
"GTEX-XOTO-3026-SM-4B65M",0.905435389494913
"GTEX-13G51-0011-R7b-SM-5LZXG",0.90538769818316
"GTEX-13O3O-0011-R5b-SM-5KM44",0.905337729146714
"GTEX-X4XX-0011-R10B-SM-46MWO",0.905280613091075
"GTEX-12126-0011-R10b-SM-5BC6T",0.905239641874358
"GTEX-13JVG-0011-R7b-SM-5MR3Q",0.905226853511171
"GTEX-ZE9C-3026-SM-4WKHB",0.905124815170032
"GTEX-WL46-0011-R7A-SM-3LK7X",0.904738839990619
"GTEX-ZVT3-3026-SM-5E43N",0.904669755205785
"GTEX-XLM4-0011-R6A-SM-4AT4B",0.904668567052204
"GTEX-13PL6-3126-SM-5LUAR",0.904638070344049
"GTEX-T6MN-0011-R5A-SM-32QPD",0.904496514265513
"GTEX-Q2AG-0011-R10A-SM-2HMLA",0.904363922929934
"GTEX-13NZA-0011-R8b-SM-5KM2Q",0.904247849978385
"GTEX-OHPN-0011-R8A-SM-33HBT",0.904235882786588
"GTEX-13FHP-0011-R6b-SM-5LZY6",0.90422393845165
"GTEX-13OW7-3026-SM-5L3GY",0.904219118892554
"GTEX-147F4-0011-R6b-SM-5S2UP",0.903960414298458
"GTEX-T5JC-0011-R6A-SM-5SI89",0.90339547678675
"GTEX-13O3O-0011-R1b-SM-5KM2K",0.903243890748761
"GTEX-13OW7-0011-R8b-SM-5L3HR",0.903186901197966
"GTEX-PVOW-0011-R3A-SM-32PKX",0.902708479602601
"GTEX-13CZV-0011-R10b-SM-5LZYD",0.901850288298174
"GTEX-11O72-2926-SM-5BC4V",0.901756054316722
"GTEX-13PDP-0011-R8b-SM-5O9CS",0.901658220113212
"GTEX-XOTO-0011-R3A-SM-4B64W",0.901490529780453
"GTEX-131XH-0011-R10a-SM-5EGLJ",0.901483586223989
"GTEX-139UC-0011-R11a-SM-5KM3J",0.901302948532742
"GTEX-QMR6-0011-R6A-SM-32PKP",0.901133132106568
"GTEX-12WSE-0011-R1b-SM-5GU4V",0.900795655841597
"GTEX-OHPN-0011-R9A-SM-4DXUH",0.900748363290417
"GTEX-13O3Q-0011-R10b-SM-5KM39",0.900726087107466
"GTEX-WVLH-3026-SM-3MJG9",0.90071615583881
"GTEX-ZE9C-0011-R9a-SM-4WWCY",0.900406210233066
"GTEX-Y8DK-0011-R1A-SM-4RGLO",0.900250139469404
"GTEX-X4EP-0011-R8B-SM-4QASL",0.899385274928813
"GTEX-14BIM-0011-R3b-SM-5S2RL",0.899362151351081
"GTEX-WL46-2926-SM-3LK82",0.899358263725255
"GTEX-11ZUS-2926-SM-5FQSL",0.899353376866787
"GTEX-ZAJG-3126-SM-5HL9J",0.899162653289274
"GTEX-NL3H-0011-R1a-SM-48TDJ",0.8988163078169
"GTEX-12WSC-0011-R10a-SM-5GU57",0.898670534323116
"GTEX-T6MN-0011-R10A-SM-32QP7",0.898459610882562
"GTEX-WHSE-0011-R7A-SM-3P5YZ",0.897860192378857
"GTEX-12WSH-0011-R10a-SM-5LZUS",0.897820153924782
"GTEX-OXRO-0011-R9A-SM-3NB1X",0.897189898657068
"GTEX-139UW-0011-R9b-SM-5LZYT",0.896232306080337
"GTEX-WL46-0011-R3A-SM-3TW8E",0.895810180795575
"GTEX-NL3H-0011-R6a-SM-2I3G8",0.895566485645968
"GTEX-RU72-2926-SM-2TF66",0.894832336942397
"GTEX-14BIN-0011-R6a-SM-5S2RH",0.892959042398299
"GTEX-148VJ-0011-R9b-SM-5SI77",0.892797699916847
"GTEX-RVPU-0011-R6A-SM-2XCAC",0.892639333256261
"GTEX-12ZZX-3026-SM-5GCP3",0.889621333990993
"GTEX-R55F-0011-R5A-SM-2TF5L",0.888907891654031
"GTEX-Y111-2926-SM-4TT25",0.888645066017465
"GTEX-139UW-0011-R11a-SM-5IJGN",0.886042364953276
"GTEX-13N2G-0011-R11a-SM-5MR3F",0.884706449933381
"GTEX-RU72-0011-R10A-SM-2TF6D",0.884601355662451
"GTEX-12126-0011-R11a-SM-5BC6X",0.884212559888712
"GTEX-RVPU-0011-R9A-SM-3NM8E",0.882840171784694
"GTEX-12WSC-3126-SM-5GCNB",0.881156785630037
"GTEX-13JUV-0011-R11a-SM-5LZYH",0.879715698277921
"GTEX-XLM4-2926-SM-4AT59",0.87829201893256
"GTEX-132Q8-2926-SM-5IFFP",0.877982989203102
"GTEX-11ONC-3026-SM-5985W",0.877317234645097
"GTEX-QVJO-1325-SM-2S1QX",0.876937591920705
"GTEX-QDT8-3026-SM-32PKB",0.876599010870538
"GTEX-X585-0011-R11B-SM-46MUZ",0.87657475546587
"GTEX-X585-3126-SM-4QASH",0.876267317135158
"GTEX-13O3O-3026-SM-5KM42",0.87623338954667
"GTEX-13X6J-0011-R11a-SM-5P9HE",0.876212131487925
"GTEX-145MH-3126-SM-5S2QT",0.876001575831509
"GTEX-145MH-2926-SM-5Q5D2",0.875116595083126
"GTEX-11WQC-0011-R11b-SM-57WD6",0.875039997118874
"GTEX-ZYFD-2926-SM-5GID9",0.874412041518265
"GTEX-13OW5-0011-R11b-SM-5L3GG",0.873982570976982
"GTEX-1192X-3226-SM-5987D",0.873897150751216
"GTEX-X4XX-2926-SM-3NMB1",0.873782094676042
"GTEX-ZDXO-1426-SM-4WKHG",0.872860872073492
"GTEX-13CF2-0011-R11b-SM-5LZXO",0.87284015654952
"GTEX-1313W-3026-SM-5LZUZ",0.872388033141573
"GTEX-N7MT-1226-SM-2TC6K",0.872154676635943
"GTEX-Y8DK-0011-R11A-SM-4SOK2",0.872013742445408
"GTEX-13RTJ-0011-R11a-SM-5O9CK",0.871479913575359
"GTEX-13OVH-0011-R11b-SM-5KM4X",0.871458867707485
"GTEX-11GSO-2826-SM-5HL6Q",0.870876921128848
"GTEX-13VXU-3126-SM-5SIA4",0.869770296140726
"GTEX-ZUA1-2926-SM-59HL3",0.868987120302804
"GTEX-ZDXO-2926-SM-4WKFM",0.868940779614126
"GTEX-13G51-3226-SM-5IFG7",0.868817372155882
"GTEX-13OW6-0011-R11a-SM-5L3H2",0.868483989252998
"GTEX-1128S-2626-SM-5H11Z",0.867992154621084
"GTEX-145MF-2626-SM-5O98S",0.867444641528575
"GTEX-13RTJ-3126-SM-5S2Q4",0.867375013567925
"GTEX-13OVH-3126-SM-5MR4Z",0.867270161895864
"GTEX-ZDXO-0011-R11a-SM-4WWD9",0.867214183711168
"GTEX-147GR-2926-SM-5RQIN",0.866812311232858
"GTEX-11TUW-3026-SM-5EGKM",0.866410702561462
"GTEX-139UC-3026-SM-5IJE4",0.866064779530133
"GTEX-YJ89-0011-R11a-SM-4SOKA",0.864956121488566
"GTEX-13RTJ-2926-SM-5Q5DE",0.864802623345039
"GTEX-13OVL-3226-SM-5L3H8",0.864593067489192
"GTEX-147JS-2626-SM-5S2UX",0.864130344831741
"GTEX-131XH-2926-SM-5LZU4",0.864079313024611
"GTEX-13D11-2026-SM-5IJBK",0.864078225415809
"GTEX-1122O-0326-SM-5H124",0.864021874802109
"GTEX-145LS-2726-SM-5Q5D8",0.864009133318184
"GTEX-ZE9C-0011-R11a-SM-4WKGG",0.863515270450819
"GTEX-11ZTS-3326-SM-5LU9Y",0.863173274841754
"GTEX-Y8E5-0526-SM-57WBY",0.863055819222121
"GTEX-111FC-0526-SM-5GZZ8",0.862788145021614
"GTEX-14DAR-2226-SM-5S2VT",0.862565849725708
"GTEX-WOFM-1626-SM-3MJFX",0.862136438006641
"GTEX-WHPG-1626-SM-4M1ZL",0.862107206910622
"GTEX-111CU-0126-SM-5GZWZ",0.862106551638788
"GTEX-13111-1926-SM-5GCOL",0.862091628035072
"GTEX-13OVJ-2626-SM-5IJFT",0.861465603513603
"GTEX-13OW6-3126-SM-5L3IA",0.861431333406992
"GTEX-X585-0426-SM-4E3JZ",0.861392906179951
"GTEX-U3ZM-0226-SM-4DXTA",0.861260604015405
"GTEX-12WSL-1826-SM-5LZW9",0.861017432823825
"GTEX-13NZA-0011-R11b-SM-5KM4W",0.860938477675705
"GTEX-ZAJG-2626-SM-5S2NU",0.860906024120313
"GTEX-WL46-3026-SM-3LK7Z",0.860875562225188
"GTEX-131XG-1526-SM-5GCNQ",0.860873087278759
"GTEX-YF7O-0126-SM-5IFIR",0.86081658281449
"GTEX-T6MN-0326-SM-32PMK",0.860674573954436
"GTEX-12ZZW-3026-SM-5LZW7",0.860668909756931
"GTEX-11VI4-0326-SM-5EQ6L",0.860648222907223
"GTEX-OHPJ-0726-SM-2YUNM",0.860629779199774
"GTEX-VJYA-1726-SM-3NMDQ",0.860462683655909
"GTEX-OXRL-1426-SM-3NM9E",0.860279044466711
"GTEX-WHWD-1526-SM-4OORV",0.859994681934946
"GTEX-14A5I-2426-SM-5Q5CP",0.859436206415642
"GTEX-13N11-1526-SM-5L3FL",0.859422818226037
"GTEX-OIZH-1526-SM-3NB1J",0.85940263070744
"GTEX-1339X-1426-SM-5K7YO",0.859263974689524
"GTEX-13N11-2826-SM-5KM4Z",0.859199720621726
"GTEX-13113-2026-SM-5LZU3",0.859132130195546
"GTEX-OIZI-0426-SM-2XCEF",0.859112681049473
"GTEX-12ZZX-0426-SM-5DUVT",0.85894863669473
"GTEX-111YS-1826-SM-5GIEP",0.858892618770252
"GTEX-NPJ7-2926-SM-3MJGQ",0.858845804812642
"GTEX-ZP4G-2226-SM-57WFB",0.858787146154245
"GTEX-13NYC-0626-SM-5K7U8",0.858731435160395
"GTEX-11OF3-0011-R11a-SM-57WCR",0.858671165077607
"GTEX-117YX-0526-SM-5EGJH",0.85864756411345
"GTEX-131XF-2426-SM-5BC6C",0.858588786688355
"GTEX-145LV-2526-SM-5S2VA",0.858521343783605
"GTEX-XMD2-0326-SM-4YCD6",0.858505306063372
"GTEX-13PVR-1726-SM-5Q5EC",0.858383203958326
"GTEX-11P81-2626-SM-5GU6T",0.85822993799113
"GTEX-145ME-2126-SM-5SIAH",0.858146204494118
"GTEX-WHWD-2326-SM-3LK6Q",0.857870369089548
"GTEX-ZVT2-1726-SM-51MRO",0.857856385246245
"GTEX-Y5V6-1926-SM-5IFIL",0.857832468794088
"GTEX-145MH-2726-SM-5QGQ6",0.857765244311883
"GTEX-ZLFU-1426-SM-4WWEU",0.857709708935348
"GTEX-13S86-0726-SM-5Q5DH",0.857701200285089
"GTEX-PWOO-1026-SM-48TCN",0.857663479052727
"GTEX-145MO-2626-SM-5QGPD",0.857632474231611
"GTEX-13FTW-1526-SM-5LZXC",0.857583493264746
"GTEX-WYVS-1126-SM-4SOJX",0.857560546949548
"GTEX-13X6J-0426-SM-5O9D3",0.85737092400078
"GTEX-ZXG5-0426-SM-5GICT",0.857329498517548
"GTEX-11EI6-0426-SM-5EQ43",0.857286277712446
"GTEX-ZTX8-1726-SM-51MSB",0.857242603444018
"GTEX-13D11-2626-SM-5IJDB",0.857207784774719
"GTEX-ZPIC-1626-SM-57WEB",0.85720743153171
"GTEX-13D11-0626-SM-5LZYY",0.857147801910334
"GTEX-Y114-1626-SM-4TT7I",0.857147003793477
"GTEX-O5YT-0726-SM-3MJHA",0.857075824899321
"GTEX-133LE-0726-SM-5P9IZ",0.856953513704183
"GTEX-12WSG-2426-SM-5EQLZ",0.856915471246636
"GTEX-13OW8-1526-SM-5K7V2",0.856660794428752
"GTEX-13O3O-0326-SM-5K7W2",0.856605073951899
"GTEX-WHWD-1026-SM-4OORZ",0.856537035466048
"GTEX-11P81-0926-SM-59874",0.856486456784142
"GTEX-14A5H-3026-SM-5RQHV",0.856448822970329
"GTEX-13OW8-2226-SM-5K7Z4",0.856377722953509
"GTEX-12WSG-2726-SM-5EQ5M",0.856189666870137
"GTEX-Y5V6-2726-SM-4VDSC",0.856124115294971
"GTEX-UTHO-3126-SM-3P5ZB",0.856114647427814
"GTEX-T2IS-0926-SM-4DM5B",0.856097982629836
"GTEX-X4EP-3226-SM-3P5YR",0.856069148344146
"GTEX-13OW5-0626-SM-5J2N2",0.856058440006584
"GTEX-13111-1226-SM-5GCNC",0.856052120113276
"GTEX-YFCO-0526-SM-4W1ZJ",0.85600379354502
"GTEX-SNMC-0426-SM-4DM5Y",0.855921974905477
"GTEX-11ZVC-2126-SM-5EGJ1",0.85590603580941
"GTEX-YB5E-0226-SM-5IFHI",0.855891693692058
"GTEX-RU1J-0426-SM-46MUK",0.855713183537847
"GTEX-1211K-1026-SM-5EQ4B",0.855709268906418
"GTEX-WHSB-2026-SM-3LK6H",0.855646929571953
"GTEX-11PRG-2026-SM-5GU5F",0.855351330313856
"GTEX-T5JC-2526-SM-4DM6G",0.855244241136393
"GTEX-113IC-0526-SM-5HL76",0.855106157312997
"GTEX-ZAB5-1526-SM-5HL9P",0.855020366268299
"GTEX-14BMU-1326-SM-5RQIH",0.855017460123841
"GTEX-WYVS-2426-SM-3NMA9",0.854904748547674
"GTEX-1211K-2326-SM-5FQU7",0.854894169184565
"GTEX-WHPG-1526-SM-4M1ZK",0.854774512427252
"GTEX-TKQ1-1326-SM-4DXU7",0.854669173905252
"GTEX-ZE7O-2626-SM-51MSS",0.854655862481199
"GTEX-Y114-2626-SM-4TT8Y",0.854626089270027
"GTEX-P4PQ-0726-SM-3NMCR",0.854461730362506
"GTEX-RTLS-1226-SM-46MUP",0.854229037728143
"GTEX-1192X-2526-SM-59868",0.854216369239353
"GTEX-144GL-0426-SM-5QGOZ",0.854187690641108
"GTEX-NPJ8-1226-SM-3MJHM",0.854117101637636
"GTEX-Z9EW-0626-SM-5HL95",0.854019591845904
"GTEX-ZPIC-2626-SM-57WE2",0.854013064905548
"GTEX-11VI4-0626-SM-5EQLO",0.853988388660806
"GTEX-S32W-0126-SM-4AD61",0.853929684341444
"GTEX-13W46-0526-SM-5IJBD",0.853926589742775
"GTEX-12C56-0426-SM-5FQU1",0.85391857842732
"GTEX-139T8-0326-SM-5IJCM",0.853892064047529
"GTEX-UJMC-1926-SM-3GADS",0.853881884686259
"GTEX-13W3W-2726-SM-5SIAE",0.853865346874206
"GTEX-131XW-3226-SM-5LZUO",0.853861557844867
"GTEX-146FR-2026-SM-5NQAI",0.853789052073139
"GTEX-Z9EW-2026-SM-5CVMQ",0.853767796903769
"GTEX-ZTTD-2626-SM-57WEX",0.853729635214278
"GTEX-12C56-1826-SM-5EQ6D",0.853543383896045
"GTEX-131XG-2526-SM-5HL7F",0.853526831690269
"GTEX-PX3G-0726-SM-48TZT",0.85338426794663
"GTEX-QDT8-0326-SM-32PL1",0.853354176669427
"GTEX-12WSB-0426-SM-5BC6H",0.853338743787119
"GTEX-O5YV-1826-SM-2YUNI",0.853263905983747
"GTEX-SNOS-1626-SM-3NMA4",0.853233775497368
"GTEX-UPJH-0626-SM-4IHJN",0.853207683070725
"GTEX-P4PP-0726-SM-3NM9S",0.853175896165815
"GTEX-13PVQ-0426-SM-5J1OG",0.853080192853472
"GTEX-131XF-1126-SM-5HL8J",0.852985747871866
"GTEX-WQUQ-1826-SM-4OOSD",0.852849305913251
"GTEX-13NZ9-0726-SM-5J1ME",0.852848023762293
"GTEX-YJ8A-1726-SM-5P9IQ",0.852751972075299
"GTEX-113JC-2826-SM-5EGIT",0.852709341675095
"GTEX-WVJS-2726-SM-4MVNU",0.852609540362391
"GTEX-13113-1026-SM-5LZWM",0.85256861513497
"GTEX-YEC4-1226-SM-5CVLX",0.852548212921641
"GTEX-145LT-1226-SM-5Q5BZ",0.852531333167316
"GTEX-13OW6-2226-SM-5N9FL",0.85251647975731
"GTEX-RM2N-0626-SM-48FD6",0.852423054341383
"GTEX-148VJ-2426-SM-5NQ9Y",0.852317400229309
"GTEX-S341-0426-SM-4AD5L",0.852268292606098
"GTEX-13N1W-3126-SM-5IFHB",0.852093300688689
"GTEX-13W3W-1726-SM-5LU4A",0.85196901581742
"GTEX-PWCY-0526-SM-2I3ER",0.851833779186522
"GTEX-Y111-1826-SM-4SOIR",0.851577529990455
"GTEX-WFJO-0726-SM-4LVM8",0.851561095808063
"GTEX-14A6H-2626-SM-5NQBO",0.851455297987315
"GTEX-13PDP-2926-SM-5N9E8",0.851437041906802
"GTEX-VJYA-0626-SM-4KL1S",0.851392014182383
"GTEX-11EQ9-1426-SM-5987G",0.851352994430049
"GTEX-ZQG8-2426-SM-57WEE",0.851340328602082
"GTEX-Y114-1226-SM-4TT88",0.851318412836564
"GTEX-131XE-1526-SM-5KM1A",0.851228783826786
"GTEX-13VXT-0426-SM-5LU57",0.851224532782181
"GTEX-YFCO-1626-SM-4W1Z3",0.851213779166853
"GTEX-R55C-1926-SM-2TF4K",0.851151814908996
"GTEX-UJHI-0926-SM-4IHKF",0.851132373238499
"GTEX-13FH7-0626-SM-5KLZD",0.851055819543468
"GTEX-11H98-0426-SM-5HL55",0.851007572550796
"GTEX-ZT9W-1426-SM-4YCD2",0.850982570750786
"GTEX-PLZ6-0826-SM-3P61K",0.850982437973717
"GTEX-YB5E-0826-SM-4VDRZ",0.8509550374997
"GTEX-ZA64-2126-SM-5Q5A8",0.850934833990786
"GTEX-13OVJ-1426-SM-5K7Z2",0.850883055810361
"GTEX-11EQ9-1526-SM-5PNY7",0.850823573411963
"GTEX-S32W-1026-SM-4AD5W",0.850795456971801
"GTEX-WXYG-1026-SM-4ONCD",0.850795330500383
"GTEX-ZP4G-1126-SM-4WWCI",0.850788017108534
"GTEX-R55D-1226-SM-48FE9",0.850711288517094
"GTEX-132AR-2526-SM-5PNVM",0.850703740673552
"GTEX-O5YT-1726-SM-3NMD7",0.850694215116896
"GTEX-PWN1-1726-SM-2S1O9",0.850687126185836
"GTEX-148VI-1226-SM-5RQJR",0.850603751974826
"GTEX-PLZ6-1726-SM-2S1O6",0.85055275917817
"GTEX-X4EO-0126-SM-3P5YN",0.850539788042505
"GTEX-YJ8O-2626-SM-5HL8H",0.850534038212902
"GTEX-PWCY-0826-SM-48TCR",0.850415742885612
"GTEX-11DXY-1526-SM-5H129",0.850399791973296
"GTEX-14DAR-0726-SM-5RQIA",0.850379326938727
"GTEX-WEY5-0826-SM-4LMIH",0.850324445519101
"GTEX-14BIM-0426-SM-5SI9N",0.850251917098725
"GTEX-ZAK1-1826-SM-5HL93",0.850099294301777
"GTEX-ZYVF-2726-SM-5GID4",0.85009156097871
"GTEX-131XG-0526-SM-5DUWF",0.85006797003472
"GTEX-POYW-0426-SM-2XCEV",0.849961807078112
"GTEX-12696-1526-SM-5EGL6",0.849940220778329
"GTEX-12WSK-0726-SM-5LZUV",0.849864240336618
"GTEX-13QJ3-1826-SM-5S2PT",0.849860648220319
"GTEX-13JVG-0526-SM-5IJBN",0.849809446750577
"GTEX-12WSD-2026-SM-5HL7D",0.84969280955201
"GTEX-11GSP-1626-SM-5986N",0.849622355224321
"GTEX-XXEK-1826-SM-4BRVC",0.849608670837837
"GTEX-ZYFG-0926-SM-5BC5U",0.849529500514908
"GTEX-ZLWG-1226-SM-4WWFS",0.849434585691643
"GTEX-1399R-1726-SM-5K7YJ",0.849350545704086
"GTEX-139YR-1626-SM-5IJGK",0.849275268902743
"GTEX-139D8-1426-SM-5IJEX",0.849225112379723
"GTEX-WFG8-1726-SM-4LVM6",0.849175271460747
"GTEX-ZYFG-0126-SM-5GIDH",0.849162170766323
"GTEX-14E7W-1926-SM-5S2R9",0.8491237795072
"GTEX-ZVZP-1426-SM-5NQ7R",0.849063743897926
"GTEX-Y3IK-0226-SM-51MRJ",0.849057926604899
"GTEX-Y5V5-2626-SM-5IFJM",0.849038108952331
"GTEX-ZLWG-2526-SM-57WDS",0.84897395982416
"GTEX-14753-0126-SM-5S2TX",0.848851756522612
"GTEX-T2IS-0226-SM-32QPH",0.848768682843222
"GTEX-QLQW-0626-SM-447A6",0.848702062354663
"GTEX-XV7Q-1526-SM-4BRWB",0.848685115646545
"GTEX-111VG-2226-SM-5N9DU",0.848654189890829
"GTEX-U8T8-0426-SM-3DB8X",0.84857731527633
"GTEX-11EQ9-1726-SM-5HL6U",0.848408965804631
"GTEX-PWCY-0226-SM-48TD8",0.848390074953931
"GTEX-111CU-2226-SM-5N9G5",0.848268956779641
"GTEX-ZTTD-1426-SM-4YCEX",0.848182092030775
"GTEX-WOFM-0526-SM-4OOS2",0.848172223252232
"GTEX-NFK9-1226-SM-3LK79",0.848067990368815
"GTEX-13OW8-1626-SM-5L3HW",0.847991597377193
"GTEX-Y5LM-1226-SM-4VDT6",0.847707035988377
"GTEX-ZT9X-0926-SM-5O9C4",0.847632939850783
"GTEX-13G51-2926-SM-5IJDL",0.84761640163373
"GTEX-139TU-1326-SM-5LZXW",0.847602589858148
"GTEX-13FLV-1226-SM-5IJBZ",0.84749657317812
"GTEX-ZUA1-0726-SM-4YCD9",0.847416083815452
"GTEX-ZAB4-2426-SM-5HL8A",0.847396722938255
"GTEX-13CF2-1826-SM-5N9GK",0.84737840299873
"GTEX-QDT8-1326-SM-48TYY",0.84711700207484
"GTEX-PSDG-0626-SM-2S1OE",0.846954254216459
"GTEX-XPVG-1326-SM-4B65P",0.846834677991865
"GTEX-OHPM-0726-SM-3LK7A",0.846776356079699
"GTEX-QV44-1026-SM-447CG",0.846764647117271
"GTEX-12WSJ-1426-SM-5GCON",0.846709496018933
"GTEX-QDT8-0426-SM-32PKZ",0.846692520663391
"GTEX-139T4-0426-SM-5J1OQ",0.846572288666762
"GTEX-13111-0326-SM-5DUXF",0.84647637026041
"GTEX-Q2AG-0626-SM-2S1PV",0.846343879253385
"GTEX-Y8LW-0626-SM-4VDS8",0.846291578504907
"GTEX-13X6J-0826-SM-5LU32",0.846042428397801
"GTEX-13O3Q-2826-SM-5KM2N",0.84597403440548
"GTEX-XAJ8-1126-SM-47JYA",0.845830866599459
"GTEX-ZYVF-2826-SM-5GIDK",0.845814947240937
"GTEX-RU72-1126-SM-2TF6H",0.845813951227312
"GTEX-11DXZ-1826-SM-5H12Y",0.845757965899801
"GTEX-ZZPU-1226-SM-5N9CK",0.845755302782897
"GTEX-131XF-0126-SM-5DUVF",0.845606683414348
"GTEX-XAJ8-0426-SM-47JYJ",0.845571043707923
"GTEX-X15G-0926-SM-4PQZE",0.845535688537313
"GTEX-Y114-1926-SM-4TT8J",0.845509803641129
"GTEX-14C5O-2826-SM-5RQI6",0.845483980178421
"GTEX-111YS-1026-SM-5GZYE",0.845402618125014
"GTEX-XUJ4-0926-SM-4BOPA",0.845290423440818
"GTEX-PX3G-2026-SM-48U1H",0.84518951631323
"GTEX-P4QS-0326-SM-2I3EU",0.845168293120572
"GTEX-13QBU-0126-SM-5LU3V",0.845067074165999
"GTEX-PLZ5-0426-SM-3P612",0.845022031312716
"GTEX-11ZTS-1526-SM-5N9G7",0.845014317264677
"GTEX-147GR-0426-SM-5S2OL",0.844484492187151
"GTEX-12WS9-0426-SM-59HJW",0.844482321542566
"GTEX-13OW6-0326-SM-5L3H9",0.844437000407723
"GTEX-13YAN-2026-SM-5Q5EY",0.844409270509255
"GTEX-V955-1226-SM-4JBI9",0.844389636690084
"GTEX-13QBU-0926-SM-5K7WQ",0.844341287301101
"GTEX-ZPU1-0426-SM-4WWCA",0.844304850238746
"GTEX-ZGAY-1526-SM-4WWEO",0.844283166259671
"GTEX-11ZTT-0426-SM-5EQLK",0.844238369371144
"GTEX-12WSN-0226-SM-5DUXH",0.844111110186015
"GTEX-12WSA-0326-SM-5BC6I",0.844056519268891
"GTEX-R55C-0726-SM-48FCN",0.844050489753597
"GTEX-13OVI-2426-SM-5KM4J",0.844048931428474
"GTEX-11P7K-0126-SM-5986E",0.844005232035726
"GTEX-R53T-0726-SM-48FCS",0.843718018623913
"GTEX-YF7O-0826-SM-4W21F",0.843603291257431
"GTEX-1399R-0626-SM-5K7UZ",0.843585012591395
"GTEX-R55F-0226-SM-48FCI",0.843426524868632
"GTEX-13O21-2526-SM-5J1OZ",0.843389128706237
"GTEX-13NZA-0826-SM-5K7WS",0.843383811718863
"GTEX-13D11-0226-SM-5LZXL",0.843380046056535
"GTEX-11O72-2226-SM-5PNW2",0.843375295765455
"GTEX-OOBJ-3026-SM-3NB1D",0.843352114031847
"GTEX-YEC3-1126-SM-5IFIH",0.843300988628608
"GTEX-13VXU-0826-SM-5KLZ2",0.843258436701099
"GTEX-WYBS-1626-SM-4ONCA",0.843218126864729
"GTEX-13NYC-2426-SM-5MR3K",0.843171882967863
"GTEX-111VG-0326-SM-5GZX7",0.843096379902068
"GTEX-13N11-2926-SM-5K7VD",0.843094847907005
"GTEX-RNOR-1326-SM-48FDE",0.843074060792987
"GTEX-N7MS-2326-SM-2HMLD",0.843054796507721
"GTEX-11DXX-2026-SM-5EGJL",0.843039243259054
"GTEX-SNOS-0226-SM-32PLR",0.842925925461121
"GTEX-11NV4-0826-SM-5BC4S",0.842921956899586
"GTEX-13PL6-0826-SM-5IJBI",0.842673854624664
"GTEX-Y3I4-0326-SM-4TT28",0.842620790778012
"GTEX-13D11-1126-SM-5KLYS",0.842522575767188
"GTEX-OIZG-0226-SM-2TC5L",0.842475511835026
"GTEX-133LE-1226-SM-5IFGC",0.842449703197039
"GTEX-ZLWG-1026-SM-4WWC4",0.842443136681374
"GTEX-S33H-0326-SM-4AD6N",0.842417277779245
"GTEX-Q734-0526-SM-2I3EH",0.842408373900845
"GTEX-WQUQ-2526-SM-4MVNO",0.842402763861175
"GTEX-ZTPG-0526-SM-5O98W",0.842275754285163
"GTEX-PWCY-1426-SM-48TCT",0.842255771642936
"GTEX-13O21-0126-SM-5IJE8",0.842241974272718
"GTEX-14BMU-0126-SM-5S2Q9",0.84219592235672
"GTEX-Y3IK-0926-SM-51MQU",0.842159607912073
"GTEX-12WSD-1326-SM-5GCNU",0.842145940064562
"GTEX-ZTX8-1226-SM-4YCE9",0.842144325947126
"GTEX-13FH7-0426-SM-5KM4M",0.842130276145112
"GTEX-13W3W-2126-SM-5K7UX",0.842117935326286
"GTEX-U4B1-1226-SM-4DXT7",0.842088804004701
"GTEX-OOBJ-0226-SM-2YUMM",0.842078741982408
"GTEX-13O21-2926-SM-5J1OU",0.842026159751382
"GTEX-WK11-0626-SM-3NMAV",0.841994459305199
"GTEX-13FHO-0526-SM-5K7VS",0.841946530946637
"GTEX-ZDXO-2426-SM-5S2NJ",0.841899204786593
"GTEX-11DXX-1026-SM-5H11E",0.841854581394001
"GTEX-11EQ9-1226-SM-5987E",0.841761251956775
"GTEX-12ZZX-2126-SM-5LZVL",0.841744278325806
"GTEX-OIZH-1326-SM-3NB1H",0.841656519593642
"GTEX-WK11-0926-SM-3NMAU",0.841521013044076
"GTEX-12WSI-0426-SM-5EQ5J",0.841517334663258
"GTEX-XBED-0126-SM-47JY7",0.841451498704229
"GTEX-111YS-0126-SM-5987T",0.84144556161546
"GTEX-113IC-0226-SM-5HL5C",0.841443335679759
"GTEX-WY7C-0526-SM-3NB3D",0.841417025793185
"GTEX-13CF3-0826-SM-5LZYZ",0.841390371563057
"GTEX-13PL7-0726-SM-5KM1S",0.841334924974271
"GTEX-1399S-0426-SM-5IFG5",0.841330244925865
"GTEX-14A6H-0326-SM-5NQAN",0.841307721215902
"GTEX-QVJO-3126-SM-4R1KC",0.841125246317377
"GTEX-VUSG-1526-SM-4KKZH",0.84110987824156
"GTEX-13OVI-2126-SM-5KM3U",0.84110479447317
"GTEX-11ZTT-1826-SM-5CVLN",0.841097781282752
"GTEX-P4QS-2626-SM-2I3EV",0.841071329353803
"GTEX-OHPN-2826-SM-3LK67",0.841004494510747
"GTEX-13O61-0126-SM-5KM4P",0.84100383122542
"GTEX-O5YT-0226-SM-32PK5",0.840938268210969
"GTEX-13O21-0326-SM-5J1N9",0.840926529117783
"GTEX-PWOO-2526-SM-2S1PG",0.840911612894658
"GTEX-13111-0226-SM-5EQ55",0.840910478180174
"GTEX-14C5O-1726-SM-5RQI9",0.840839913895037
"GTEX-T2IS-0426-SM-32QPE",0.840825309014615
"GTEX-ZYW4-1626-SM-5GIE6",0.840791955916768
"GTEX-XQ3S-1226-SM-4BOPP",0.840771781437002
"GTEX-R55E-1026-SM-2TC5S",0.840768539600611
"GTEX-12WSC-0826-SM-5EQ5Q",0.840599169960601
"GTEX-QCQG-1326-SM-48U24",0.840572724254836
"GTEX-WY7C-2826-SM-3NB3Q",0.840535354424688
"GTEX-OOBK-0425-SM-3LK5O",0.840472368541266
"GTEX-OHPM-0426-SM-3TW8V",0.840469611909921
"GTEX-132AR-1926-SM-5EGK5",0.840463235710566
"GTEX-13O21-2226-SM-5MR3L",0.84029513368428
"GTEX-U4B1-0326-SM-3DB8K",0.840295110165546
"GTEX-Y3I4-1526-SM-4TT7K",0.840284152627582
"GTEX-ZLFU-1726-SM-4WWBU",0.840166611490818
"GTEX-11O72-2026-SM-5N9G8",0.840152522862117
"GTEX-ZV7C-0126-SM-57WDE",0.840118474927551
"GTEX-Y5LM-1426-SM-5RQJL",0.840058227820713
"GTEX-12WSK-0626-SM-5LZUJ",0.840033889596382
"GTEX-13OW6-0726-SM-5L3FX",0.839997041738787
"GTEX-ZVZQ-0826-SM-51MRF",0.839906879226878
"GTEX-13OW8-0226-SM-5K7UP",0.83989661150074
"GTEX-13OW6-1126-SM-5L3HL",0.839840526041295
"GTEX-ZPIC-2426-SM-5DUW1",0.839824034919518
"GTEX-139TS-0126-SM-5K7XJ",0.839795985009948
"GTEX-11ONC-1026-SM-5GU64",0.839750653193007
"GTEX-13G51-2326-SM-5LZXV",0.839741078396124
"GTEX-W5WG-1326-SM-4LMI9",0.839728111129156
"GTEX-13OVG-0526-SM-5K7YD",0.839711506796605
"GTEX-O5YW-3026-SM-3MJHI",0.839659771658274
"GTEX-Y8E5-0226-SM-57WCM",0.839623284157919
"GTEX-X4XY-0326-SM-46MVZ",0.839620746547156
"GTEX-13OVI-0726-SM-5L3DD",0.839604705191103
"GTEX-11EM3-1826-SM-5A5KO",0.839557187071152
"GTEX-Q2AG-0826-SM-2HMKF",0.839538522058684
"GTEX-1211K-0226-SM-59HJY",0.839521863826741
"GTEX-XUW1-0226-SM-4BOOS",0.839511129493911
"GTEX-UJHI-1326-SM-4IHJO",0.839492077665398
"GTEX-11TT1-1426-SM-5EGIA",0.839460123938107
"GTEX-RU1J-0826-SM-46MUU",0.839433914074731
"GTEX-13OVL-0826-SM-5L3GV",0.839397514715624
"GTEX-WFG8-0126-SM-4LVMH",0.839387671551517
"GTEX-145MG-0826-SM-5Q5C2",0.839345660048286
"GTEX-NPJ8-2426-SM-3MJHL",0.839301182727474
"GTEX-X3Y1-0326-SM-4PQZ7",0.839272100680236
"GTEX-XQ8I-0226-SM-4BOPM",0.839234367042046
"GTEX-ZDXO-0426-SM-4WKF6",0.839215074492667
"GTEX-XYKS-0926-SM-4BRVG",0.839187464406954
"GTEX-11ZTT-1726-SM-5EQL4",0.83918503759192
"GTEX-RN64-0526-SM-2TC5P",0.839131588210966
"GTEX-RNOR-0926-SM-2TF56",0.839112055408984
"GTEX-SJXC-0726-SM-2XCFJ",0.839096694214061
"GTEX-WHPG-0226-SM-3NMB9",0.839048001594724
"GTEX-1192W-0226-SM-5EGGT",0.83902659678058
"GTEX-YJ8O-0826-SM-5CVM3",0.83894322497294
"GTEX-1399R-0326-SM-5KM1X",0.838931981881341
"GTEX-WY7C-0626-SM-4ONCT",0.838769355167531
"GTEX-ZF29-0426-SM-4WKFN",0.838763999971248
"GTEX-SIU8-0626-SM-2XCDN",0.838757027230595
"GTEX-11VI4-1026-SM-5EQM1",0.838714199296815
"GTEX-ZVT2-0926-SM-5GICE",0.838587035725782
"GTEX-SIU8-0826-SM-2XCDQ",0.83852777787697
"GTEX-ZDTT-0226-SM-4WKHM",0.838402610358564
"GTEX-1399U-0526-SM-5K7YM",0.838389228678118
"GTEX-ZTTD-0526-SM-57WDV",0.83838548476439
"GTEX-ZYFD-2226-SM-5E43P",0.838357734957259
"GTEX-PLZ6-0326-SM-3P61J",0.838340304812986
"GTEX-13OW6-2426-SM-5K7WO",0.83829798686135
"GTEX-11P82-0126-SM-5HL72",0.838295891003235
"GTEX-S7PM-0426-SM-3NM91",0.838274416909924
"GTEX-117YX-1226-SM-5H11S",0.838254345496512
"GTEX-XUZC-0226-SM-4BOO7",0.838217940728262
"GTEX-ZTPG-0726-SM-5DUXP",0.838208632087765
"GTEX-11I78-0526-SM-5986A",0.838193033546869
"GTEX-QEG4-0426-SM-5S2VQ",0.83816209199253
"GTEX-PX3G-0426-SM-48U1C",0.83815221270314
"GTEX-1211K-0326-SM-5FQT1",0.838086241458766
"GTEX-111FC-1426-SM-5N9C7",0.838054171655598
"GTEX-11EM3-0226-SM-5985Y",0.838020651037674
"GTEX-ZY6K-1726-SM-5GZX8",0.837967205824422
"GTEX-ZYWO-0626-SM-5E45K",0.837765494079536
"GTEX-ZAB4-2226-SM-5HL97",0.8376838331105
"GTEX-139T6-1826-SM-5KM2E",0.83764311155401
"GTEX-OIZI-0726-SM-2XCEI",0.837642717585878
"GTEX-P4QT-2626-SM-2I3FM",0.837617884100493
"GTEX-13FH7-0726-SM-5J2NK",0.837607690231173
"GTEX-YJ8O-2226-SM-5IFHW",0.8375992231775
"GTEX-S33H-0526-SM-5SI83",0.837569580148253
"GTEX-146FQ-0526-SM-5LU9I",0.837552694023037
"GTEX-XV7Q-1426-SM-4BRWA",0.83753762933447
"GTEX-Y3IK-0526-SM-4WWE3",0.837512736886177
"GTEX-13U4I-0226-SM-5SIB1",0.837468813647845
"GTEX-XBED-2426-SM-4AT4O",0.837386429068358
"GTEX-1192W-2326-SM-5N9BS",0.837289385843444
"GTEX-14BIM-2726-SM-5Q5EG",0.83727162196351
"GTEX-X3Y1-0426-SM-3P5Z4",0.837236394154525
"GTEX-ZVT2-0526-SM-5E455",0.837207290763993
"GTEX-ZDYS-0226-SM-5HL4K",0.837202406005865
"GTEX-WFON-0526-SM-4LVLY",0.837199403089927
"GTEX-131YS-2426-SM-5J2OD",0.83719458241887
"GTEX-YECK-1226-SM-4W21G",0.837102573553333
"GTEX-X15G-0526-SM-3NMB7",0.837101072876906
"GTEX-VUSG-2226-SM-4KKZO",0.83709509259576
"GTEX-WHSB-0226-SM-4M1XE",0.837035278398792
"GTEX-13N1W-1926-SM-5IJCH",0.837011988342264
"GTEX-13FTZ-0226-SM-5K7X6",0.836994429138129
"GTEX-11EI6-0226-SM-5EQ64",0.836880406010592
"GTEX-S32W-0726-SM-2XCBL",0.836834870950381
"GTEX-WL46-0126-SM-3TW8I",0.836813136333654
"GTEX-QCQG-0126-SM-48U27",0.836771925446577
"GTEX-Z93S-0926-SM-5HL8B",0.836754155184287
"GTEX-111FC-0626-SM-5N9CU",0.836739651071454
"GTEX-WY7C-0326-SM-4OND5",0.836738267953859
"GTEX-ZVZO-0426-SM-5HL4Z",0.836701934781409
"GTEX-12WSJ-0126-SM-5GCOM",0.836658183727278
"GTEX-WEY5-0526-SM-3GIKZ",0.836576028604833
"GTEX-ZU9S-1926-SM-5NQBP",0.836532926372012
"GTEX-1399R-0426-SM-5IJE3",0.83652679039876
"GTEX-11WQK-2226-SM-5CVL7",0.836488448970056
"GTEX-111FC-0226-SM-5N9B8",0.836460077908033
"GTEX-13W3W-1126-SM-5L3DO",0.836454689822702
"GTEX-XV7Q-0526-SM-4BRWR",0.83643448802897
"GTEX-QEG4-0426-SM-33HC3",0.836413373383838
"GTEX-WQUQ-0126-SM-4OOSS",0.836285606670299
"GTEX-ZVT4-1026-SM-57WC4",0.836252660302534
"GTEX-13PL7-2226-SM-5L3IC",0.836231310630577
"GTEX-P4PQ-2126-SM-3NMCV",0.836209378832982
"GTEX-139YR-0526-SM-5L3DG",0.8361427573972
"GTEX-13CF3-2226-SM-5J2MX",0.836076908944796
"GTEX-13OW8-0126-SM-5IJE5",0.836076581735484
"GTEX-T6MO-1026-SM-4DM72",0.836049377962358
"GTEX-1399S-0926-SM-5PNVQ",0.836038758825601
"GTEX-ZAKK-0426-SM-5EGHB",0.83602442891732
"GTEX-ZAK1-0726-SM-5HL8Q",0.835997221874487
"GTEX-REY6-0926-SM-48FDA",0.835977234718268
"GTEX-146FQ-1526-SM-5Q5CX",0.835896801455221
"GTEX-WHWD-0426-SM-3LK83",0.835891237865311
"GTEX-145LT-0126-SM-5S2QJ",0.835888069023591
"GTEX-WFON-0226-SM-3GIKR",0.835888006278098
"GTEX-12WSK-0326-SM-5GCOJ",0.83586067485945
"GTEX-PSDG-0826-SM-48TCZ",0.835848639131398
"GTEX-XV7Q-0226-SM-4BRVL",0.835843123840475
"GTEX-13FTY-0726-SM-5J2OH",0.835841142273572
"GTEX-XLM4-2026-SM-4AT4X",0.835840533760107
"GTEX-W5WG-2526-SM-4SOJ2",0.835829540598708
"GTEX-QV44-1825-SM-447CF",0.835784636158972
"GTEX-12WSD-0226-SM-59HKO",0.835756112905263
"GTEX-RUSQ-0226-SM-47JWT",0.8357191753672
"GTEX-ZV7C-1826-SM-5NQ83",0.835718131844527
"GTEX-T8EM-1826-SM-4DM7F",0.835670204568107
"GTEX-NPJ8-2026-SM-3TW91",0.835604669427936
"GTEX-WRHU-1026-SM-4E3ID",0.835586316157763
"GTEX-X15G-1726-SM-4PQZN",0.835562929416101
"GTEX-ZA64-2226-SM-5Q5A9",0.835533550135701
"GTEX-OHPJ-0926-SM-2HMJ1",0.835530357091101
"GTEX-Y3IK-1726-SM-4YCCR",0.835527342565718
"GTEX-1212Z-0526-SM-5FQSQ",0.835522274191115
"GTEX-13NZ9-2026-SM-5KM1U",0.835472856030093
"GTEX-ZVT3-0426-SM-5GIDW",0.835470472161436
"GTEX-13113-1726-SM-5GCOO",0.835438334509177
"GTEX-TMMY-2226-SM-4DXTN",0.83543215164278
"GTEX-WH7G-1726-SM-4LVKY",0.835418360354804
"GTEX-ZZPU-1426-SM-5GZZ6",0.835392639526256
"GTEX-Y5V5-2526-SM-4VBQ4",0.835385827657935
"GTEX-13QBU-1526-SM-5LU3W",0.835384204013102
"GTEX-ZPIC-1126-SM-5BC7F",0.835372533540415
"GTEX-11ILO-2026-SM-5N9CQ",0.835370561936201
"GTEX-ZYFG-1626-SM-5GZYY",0.835332408671051
"GTEX-ZDYS-0526-SM-5L3EE",0.835314502648244
"GTEX-WFON-2226-SM-3TW8W",0.835310571255336
"GTEX-13VXT-1526-SM-5LU3J",0.835294241985434
"GTEX-TML8-1226-SM-32QON",0.835261555590651
"GTEX-11ZUS-0726-SM-59886",0.835220412613327
"GTEX-145MN-0726-SM-5NQBH",0.835200813607049
"GTEX-X3Y1-0926-SM-3P5YT",0.835078507849689
"GTEX-11P81-0326-SM-5HL6B",0.835049301570094
"GTEX-XLM4-0226-SM-4AT4N",0.835020801073661
"GTEX-WHWD-0526-SM-4OORW",0.834992580810915
"GTEX-QDVN-0326-SM-2I3FS",0.834988885362399
"GTEX-XYKS-0226-SM-4BRW3",0.834970536292452
"GTEX-147JS-0726-SM-5S2UL",0.834928426598165
"GTEX-12696-1826-SM-5EGJS",0.834922711326652
"GTEX-13O3O-1126-SM-5KM4Q",0.834908314332136
"GTEX-14AS3-0526-SM-5QGQQ",0.834906265500759
"GTEX-12WSN-2726-SM-5LZUK",0.834883692546948
"GTEX-OHPM-1026-SM-3LK74",0.834864202689022
"GTEX-11P7K-0226-SM-5986Z",0.834847155503181
"GTEX-ZPU1-2726-SM-4WWFT",0.834823842848441
"GTEX-WHPG-0926-SM-4M1XY",0.83478162551436
"GTEX-ZZPU-2126-SM-5EGIU",0.834772407823515
"GTEX-ZYT6-0126-SM-5E45J",0.834736555059316
"GTEX-145ME-0726-SM-5O9A3",0.834719819059563
"GTEX-YEC4-0326-SM-4W216",0.834608380229441
"GTEX-YF7O-0726-SM-4W213",0.834549110119598
"GTEX-RU72-0326-SM-2TF5T",0.834537295172627
"GTEX-WYBS-0426-SM-3NM9M",0.834534748774619
"GTEX-1269C-2726-SM-5EGJ4",0.834447333601247
"GTEX-13FHP-0926-SM-5L3EC",0.834437213405564
"GTEX-139UC-0426-SM-5K7UR",0.834432236014184
"GTEX-WYJK-1226-SM-4ONCP",0.834417670789398
"GTEX-RTLS-0626-SM-5SI7Z",0.834333389440519
"GTEX-13OVG-0726-SM-5IJBY",0.834263490540039
"GTEX-ZGAY-1026-SM-4WWBR",0.834262395814747
"GTEX-R53T-2026-SM-3GIJF",0.834216682135559
"GTEX-ZDTS-0226-SM-5HL7Q",0.834187018843465
"GTEX-XBED-2326-SM-47JYR",0.834165932826222
"GTEX-PWN1-2426-SM-48TDD",0.834158263644988
"GTEX-UPK5-0326-SM-3GAF3",0.834117100795406
"GTEX-Q734-1826-SM-2I3EL",0.834113197390967
"GTEX-WOFL-0726-SM-3MJG4",0.834055255052984
"GTEX-11ZTS-0826-SM-5EQ49",0.834033872344768
"GTEX-11PRG-0826-SM-5EQ6A",0.834015050276205
"GTEX-11I78-0826-SM-5A5K4",0.833985614914649
"GTEX-T2IS-2026-SM-4DM6W",0.833956708965419
"GTEX-13QBU-0426-SM-5J2O4",0.833952678717756
"GTEX-Y114-0126-SM-4TT8K",0.83394664120535
"GTEX-145LU-1226-SM-5LU9B",0.833927857673258
"GTEX-11GS4-0426-SM-5N9CD",0.833901727046754
"GTEX-11EMC-0726-SM-5EGJO",0.833874791587839
"GTEX-VJYA-1226-SM-3GIJ6",0.833852664824243
"GTEX-11ZVC-0126-SM-5986G",0.833776303928945
"GTEX-Q2AI-1726-SM-2S1PZ",0.833770490293212
"GTEX-ZPIC-1026-SM-59HKZ",0.833755844001898
"GTEX-117YX-2626-SM-5EQ53",0.83371537574406
"GTEX-13NZB-2226-SM-5MR5B",0.833694359446518
"GTEX-OXRL-0226-SM-3NB18",0.833689881420821
"GTEX-P4PQ-2626-SM-33HC9",0.833680983570402
"GTEX-11LCK-0726-SM-5PNYC",0.833636079403625
"GTEX-Y5V5-0326-SM-5RQJG",0.833634245260417
"GTEX-ZLWG-2426-SM-57WG6",0.8336086575303
"GTEX-ZDTS-1326-SM-4WKGX",0.833590511003404
"GTEX-13FXS-1126-SM-5IJBB",0.833520540782245
"GTEX-11P81-0126-SM-5HL5Y",0.833501768787881
"GTEX-SIU7-1426-SM-4BRWT",0.833494175922509
"GTEX-1128S-0326-SM-5GZZF",0.83346771078663
"GTEX-11TUW-1126-SM-5EQKJ",0.833446466768302
"GTEX-QEG4-2226-SM-4R1JM",0.833385264405728
"GTEX-13FTW-1026-SM-5L3E3",0.833382934838389
"GTEX-ZYFC-1826-SM-5GZZA",0.833347819205268
"GTEX-131YS-1226-SM-5K7VE",0.833325961391721
"GTEX-OXRP-0326-SM-33HBJ",0.833275271698323
"GTEX-OXRL-0326-SM-2I3F2",0.83325723944183
"GTEX-13U4I-0426-SM-5LU4W",0.833251922905439
"GTEX-X4XX-0926-SM-46MV7",0.8332305542274
"GTEX-ZVZP-1026-SM-5GICI",0.83322134421017
"GTEX-131XW-0526-SM-5PNXZ",0.833143018441222
"GTEX-Z93S-0226-SM-5HL7R",0.83313093935436
"GTEX-12KS4-0626-SM-5PNY4",0.833114823142373
"GTEX-1211K-1226-SM-5EQ4N",0.833110758042518
"GTEX-ZT9W-0226-SM-4YCCZ",0.833055699561291
"GTEX-QMRM-1626-SM-4R1KV",0.833040563934469
"GTEX-1192X-1526-SM-5H11I",0.833029885777424
"GTEX-146FR-0926-SM-5QGPE",0.833026596983309
"GTEX-1339X-0426-SM-5KLZY",0.832931244314221
"GTEX-ZYWO-0126-SM-5GZWQ",0.832914190919804
"GTEX-XOT4-1126-SM-4B66E",0.832845919482023
"GTEX-1399U-0926-SM-5IFHA",0.83282874737016
"GTEX-ZTX8-1826-SM-5N9E5",0.832825640784246
"GTEX-XUZC-1026-SM-4BOPY",0.832713527809142
"GTEX-Y8E4-0726-SM-4WWFN",0.83270525507745
"GTEX-WOFL-0826-SM-3MJG1",0.832662296998475
"GTEX-ZV7C-0526-SM-51MRB",0.832662127359493
"GTEX-13FTW-1226-SM-5LZZ1",0.832661555710546
"GTEX-13VXT-1126-SM-5LU3A",0.832656324391087
"GTEX-13FTW-0526-SM-5IFIP",0.832631003088234
"GTEX-ZLV1-1926-SM-5FQSF",0.832623806015619
"GTEX-Y5LM-2326-SM-5S2NK",0.832535423260125
"GTEX-131XW-2226-SM-5PNY1",0.832535091781675
"GTEX-ZVTK-0526-SM-5GZWT",0.832522362618142
"GTEX-P4QT-0226-SM-3LK68",0.832514895596372
"GTEX-ZC5H-1626-SM-5HL7L",0.832367973681269
"GTEX-1211K-2226-SM-5FQU6",0.832353727814752
"GTEX-SNOS-0326-SM-4DM6C",0.832328522475189
"GTEX-13CF2-2626-SM-5LZZA",0.832326078066473
"GTEX-S4Z8-0826-SM-4AD4J",0.832317011597522
"GTEX-R53T-1526-SM-48FEK",0.832298087126546
"GTEX-1314G-0126-SM-5LZUL",0.832217123269471
"GTEX-ZDYS-2526-SM-4WKGU",0.832192405740952
"GTEX-X62O-1626-SM-46MW9",0.832145442378065
"GTEX-U3ZH-0326-SM-4WWDX",0.832139690107866
"GTEX-13X6I-1426-SM-5SI9Z",0.832083189835952
"GTEX-XPVG-2926-SM-4B66G",0.832080074794863
"GTEX-S341-0226-SM-5S2VG",0.832062280303187
"GTEX-11UD2-1526-SM-5EQLQ",0.832055693647314
"GTEX-12KS4-0126-SM-5Q5A5",0.832000713614395
"GTEX-13FTY-0226-SM-5IJBW",0.831996207196477
"GTEX-Y8LW-1626-SM-5IFHX",0.831985138758107
"GTEX-14ICL-1126-SM-5S2RE",0.83197912764713
"GTEX-XAJ8-0926-SM-47JXZ",0.831841494381221
"GTEX-XUJ4-2826-SM-4BOQ2",0.831751424220208
"GTEX-11DXZ-0326-SM-5EGH1",0.831750575075554
"GTEX-NFK9-0926-SM-2HMJU",0.831669896431724
"GTEX-YJ8O-1026-SM-5CVM5",0.831609369931221
"GTEX-SIU7-0226-SM-4BRX2",0.831577425177794
"GTEX-13RTK-0326-SM-5RQHS",0.831577220294028
"GTEX-XUW1-1126-SM-4BONZ",0.83148899201911
"GTEX-VUSG-0526-SM-4KL22",0.831477428884109
"GTEX-Y9LG-0226-SM-4VBS4",0.831436137377536
"GTEX-13111-0526-SM-5LZVF",0.831429255869375
"GTEX-11I78-0626-SM-5A5LZ",0.831252779847461
"GTEX-145MO-2226-SM-5Q5BN",0.83116813255824
"GTEX-RNOR-0826-SM-2TF5C",0.831163978221577
"GTEX-ZT9X-1926-SM-57WE7",0.831151239659376
"GTEX-U8T8-1226-SM-4E3IH",0.831119305154238
"GTEX-132QS-0426-SM-5KLZ6",0.831023601905656
"GTEX-13O3O-0926-SM-5KM1F",0.831013371769211
"GTEX-NFK9-1526-SM-3LK7B",0.831012943933271
"GTEX-P4QS-0226-SM-3NB1U",0.830971979888229
"GTEX-1117F-2826-SM-5GZXL",0.830898011677988
"GTEX-XOT4-0626-SM-4B66L",0.83087563169083
"GTEX-13IVO-0011-R11b-SM-5LZXQ",0.830841077475708
"GTEX-12ZZX-0326-SM-5DUVH",0.830816701400249
"GTEX-12WSH-0226-SM-5GCOG",0.830793944210621
"GTEX-111YS-2226-SM-5987P",0.830788743813353
"GTEX-ZEX8-1626-SM-4WKG7",0.830755725626487
"GTEX-14ICL-0326-SM-5S2OS",0.830748686352561
"GTEX-YEC4-2426-SM-57WFO",0.830742301194667
"GTEX-13113-2126-SM-5EQ4U",0.830709992182606
"GTEX-11EQ9-2226-SM-5987H",0.830676066690488
"GTEX-ZPIC-0926-SM-4WWFK",0.83065618249162
"GTEX-XPVG-0826-SM-4B654",0.830649771032087
"GTEX-14E6C-0926-SM-5S2V9",0.830632504627481
"GTEX-13X6I-0526-SM-5QGP8",0.830621968317569
"GTEX-QLQ7-0426-SM-4R1JU",0.830522269245359
"GTEX-RTLS-0826-SM-2TF5Q",0.830477027852751
"GTEX-13NZ8-0926-SM-5MR3U",0.830451214279547
"GTEX-XMD3-2326-SM-4AT5H",0.830418938144322
"GTEX-XYKS-0826-SM-4BRVF",0.830405917168529
"GTEX-P4PP-0226-SM-5S2VR",0.830342579462198
"GTEX-1399R-2626-SM-5KLZ7",0.83034039037694
"GTEX-ZYW4-0826-SM-5GIDG",0.83033177558823
"GTEX-131XF-0726-SM-5GIE5",0.830320608324066
"GTEX-13S86-1226-SM-5S2OA",0.830304369830218
"GTEX-132AR-0526-SM-5J2MJ",0.830284786934554
"GTEX-QV31-1326-SM-2S1QE",0.830260944283928
"GTEX-12BJ1-0226-SM-5LUA2",0.830068606791887
"GTEX-Y9LG-1826-SM-4VBQC",0.8300311854836
"GTEX-Y3I4-0626-SM-4TT7A",0.830022319313151
"GTEX-T5JW-0426-SM-4DM7M",0.830009964806139
"GTEX-V1D1-0926-SM-4JBHQ",0.830009604501201
"GTEX-12WSM-0526-SM-5GCO8",0.829996493253515
"GTEX-S3XE-0326-SM-4AD6L",0.829951312854817
"GTEX-11P81-2426-SM-5GU65",0.829922504465079
"GTEX-YFCO-0326-SM-4W1ZP",0.829910884836789
"GTEX-TSE9-0626-SM-3DB8B",0.829875042239289
"GTEX-YEC3-0826-SM-5P9JF",0.829819174585268
"GTEX-X4EO-0426-SM-4QASA",0.82979066782629
"GTEX-S3XE-0226-SM-4AD6I",0.829741339579078
"GTEX-WFG8-1826-SM-4LVM4",0.829727957070976
"GTEX-QV31-0326-SM-447BM",0.829691960141298
"GTEX-ZZ64-1326-SM-5E444",0.829687669520034
"GTEX-13X6K-1926-SM-5LU4O",0.82967668794178
"GTEX-S33H-1126-SM-2XCB6",0.829651781598608
"GTEX-OXRK-0526-SM-3NB2F",0.829643410480916
"GTEX-117YX-1526-SM-5H12T",0.829641183557519
"GTEX-ZC5H-2326-SM-4WAYT",0.829600485737297
"GTEX-WYJK-0426-SM-3NM9G",0.829599264626216
"GTEX-14AS3-1326-SM-5RQJE",0.829572538196726
"GTEX-131YS-0626-SM-5EGKL",0.829477563687624
"GTEX-PLZ4-1326-SM-2S1O7",0.82946342932977
"GTEX-11TT1-0726-SM-5GU5A",0.829454824315616
"GTEX-PX3G-0226-SM-3NB2C",0.829436803904987
"GTEX-YJ8A-0526-SM-5IFHT",0.829420984335072
"GTEX-11TT1-1926-SM-5PNYN",0.829402738176686
"GTEX-144FL-0326-SM-5O99O",0.829383460119802
"GTEX-ZT9W-2726-SM-57WG8",0.829307725333862
"GTEX-147F4-2826-SM-5NQBN",0.829298035014046
"GTEX-132AR-1126-SM-5P9GA",0.829268907441613
"GTEX-OIZH-2026-SM-3NB1M",0.829266675488692
"GTEX-ZZPT-0926-SM-5GICZ",0.829211010734634
"GTEX-ZYY3-1926-SM-5GZXS",0.829175613819821
"GTEX-PWOO-0526-SM-2S1Q3",0.829142362352479
"GTEX-146FQ-0326-SM-5NQAX",0.829106694055254
"GTEX-11TTK-0226-SM-5N9EC",0.829089732848703
"GTEX-SIU7-0926-SM-4BRX1",0.829074263347241
"GTEX-13G51-1226-SM-5K7Z3",0.82904292601349
"GTEX-PVOW-0426-SM-5N9DW",0.8290341034729
"GTEX-SUCS-1626-SM-32PLS",0.828934430747782
"GTEX-13O1R-1226-SM-5J1NU",0.828931222740032
"GTEX-Y5V6-1326-SM-4VDTF",0.828821766736943
"GTEX-WL46-0326-SM-3LK6Y",0.828814034569643
"GTEX-ZVZP-2726-SM-5GZXZ",0.828795193845182
"GTEX-OOBJ-1026-SM-3NB2L",0.828747157009749
"GTEX-13PL6-2926-SM-5L3I2",0.828633430917792
"GTEX-TSE9-2826-SM-4DXTF",0.82863086824434
"GTEX-V955-2626-SM-3NM9F",0.828617059708541
"GTEX-WHSB-0626-SM-4M1XP",0.828573073371433
"GTEX-OXRL-0326-SM-447BG",0.828538635408118
"GTEX-13JVG-0926-SM-5IJE1",0.828495372042475
"GTEX-12696-0526-SM-5EQ3Z",0.828456531363286
"GTEX-QV31-1626-SM-2S1QC",0.828394248084484
"GTEX-ZVP2-1826-SM-5GU62",0.828387165137549
"GTEX-ZV6S-1826-SM-5NQ8D",0.828379453909981
"GTEX-V955-0326-SM-4JBGV",0.828204608345649
"GTEX-13FTW-2226-SM-5J1OH",0.828185069158103
"GTEX-R55C-0626-SM-2TF4Q",0.828160176700132
"GTEX-P4QS-1026-SM-3NMCW",0.828091729935946
"GTEX-13O61-2426-SM-5J1NV",0.828084925592017
"GTEX-PLZ6-0726-SM-3P619",0.828007989565896
"GTEX-X15G-0426-SM-4PQZ6",0.828001187435802
"GTEX-13OW5-1126-SM-5J1NR",0.827964491451095
"GTEX-14C5O-1326-SM-5S2UW",0.827914244486153
"GTEX-ZEX8-1026-SM-4WKHE",0.827835012102237
"GTEX-11EMC-2826-SM-5PNY6",0.827832438519313
"GTEX-12696-2726-SM-5FQUL",0.827831300308123
"GTEX-OXRO-0226-SM-3LK6F",0.827757889384102
"GTEX-PLZ4-2726-SM-3P61A",0.827753383508059
"GTEX-14A5I-2126-SM-5NQA8",0.827734027048442
"GTEX-X261-0226-SM-3NMD2",0.827718957234437
"GTEX-ZYFG-0426-SM-5E43M",0.827621973009194
"GTEX-REY6-1026-SM-2TF4Y",0.8275573638278
"GTEX-YB5E-0526-SM-4VDSD",0.827556763598553
"GTEX-11TT1-2726-SM-5LU8L",0.827554691013445
"GTEX-XGQ4-1726-SM-4RH4G",0.827533074539793
"GTEX-WHWD-1426-SM-4OORU",0.827531560590366
"GTEX-R55G-0326-SM-48FDM",0.827455430175621
"GTEX-WFJO-0626-SM-4LVMC",0.82741567578884
"GTEX-ZP4G-1026-SM-4YCE1",0.827381687955838
"GTEX-ZP4G-1726-SM-4WWCM",0.827289533794294
"GTEX-144FL-0226-SM-5Q5D4",0.827280572926988
"GTEX-YEC3-1026-SM-5IFI5",0.827271412326998
"GTEX-13O3P-1126-SM-5L3FG",0.827267047827812
"GTEX-1269C-1826-SM-5N9E1",0.827157433355062
"GTEX-11I78-0226-SM-5HL6R",0.827148267602775
"GTEX-S3XE-1226-SM-4AD4L",0.827131559543804
"GTEX-146FH-0826-SM-5SI8T",0.827107721724721
"GTEX-WRHU-0326-SM-3MJFY",0.827095946220583
"GTEX-Y9LG-1426-SM-5IFJZ",0.827093308642959
"GTEX-XMD1-0826-SM-4AT52",0.827091449255732
"GTEX-11TUW-0226-SM-5LU8X",0.827078689807468
"GTEX-ZE7O-2426-SM-57WD7",0.827075304256642
"GTEX-RU72-1026-SM-46MUG",0.827070770542341
"GTEX-XQ8I-0526-SM-4BOPS",0.827007747004319
"GTEX-X4LF-1726-SM-3NMBZ",0.826919987468303
"GTEX-YJ8A-1526-SM-5P9FT",0.826909381765696
"GTEX-ZF3C-1126-SM-57WEG",0.826904872959903
"GTEX-TMKS-0126-SM-3DB7S",0.826863254776727
"GTEX-ZTSS-2026-SM-5987K",0.826851472366164
"GTEX-11I78-2626-SM-5Q5AI",0.826838399654135
"GTEX-ZE7O-1526-SM-5J1NH",0.826822497046648
"GTEX-145MN-2626-SM-5NQAH",0.826775603271315
"GTEX-14ASI-0526-SM-5QGQP",0.826757800648221
"GTEX-13QBU-1126-SM-5LU44",0.826728929799366
"GTEX-12WSD-0926-SM-5GCNL",0.826726196166729
"GTEX-U4B1-1426-SM-4DXTX",0.826662743059145
"GTEX-S32W-2026-SM-4AD6E",0.82664520003206
"GTEX-SIU7-1626-SM-4BRUK",0.826614799962546
"GTEX-XQ3S-1726-SM-4BOOD",0.826601056835908
"GTEX-11GS4-2926-SM-5A5LF",0.826553098625953
"GTEX-13FTY-0626-SM-5L3F8",0.826523655119709
"GTEX-13W46-0626-SM-5LU3N",0.82651380715729
"GTEX-11PRG-0926-SM-5EGI8",0.82649089039567
"GTEX-SNOS-0926-SM-4DM7A",0.826481859837414
"GTEX-RU72-1226-SM-2TF6N",0.826474060667059
"GTEX-WFG7-1726-SM-4LVME",0.826436144573216
"GTEX-13D11-2326-SM-5IJCY",0.826412289709064
"GTEX-14A5H-0226-SM-5S2VK",0.82639957406499
"GTEX-RM2N-1726-SM-2TF55",0.826368691458939
"GTEX-ZQUD-1526-SM-51MRE",0.826352646631574
"GTEX-146FQ-0226-SM-5NQAL",0.826349113091646
"GTEX-S95S-1026-SM-4B64M",0.826334644375629
"GTEX-13SLW-0326-SM-5RQK5",0.826249953499931
"GTEX-13X6K-0526-SM-5LU51",0.826247205661912
"GTEX-R55F-1426-SM-2TF53",0.826224303104365
"GTEX-SN8G-1526-SM-4DM79",0.826213943359316
"GTEX-POMQ-2326-SM-2S1O8",0.82621242502184
"GTEX-11GSP-2226-SM-5HL5Q",0.826202357277139
"GTEX-11ZVC-0426-SM-5CVLD",0.826166934670085
"GTEX-1497J-2326-SM-5NQBK",0.826131715397365
"GTEX-1211K-1926-SM-5EQLB",0.826077454456561
"GTEX-YB5K-2026-SM-4VDT3",0.826066508711803
"GTEX-14BIL-2426-SM-5QGQR",0.825983023604352
"GTEX-13N2G-0526-SM-5MR5L",0.825896720100914
"GTEX-YEC4-0926-SM-5PNXY",0.825889070820661
"GTEX-145ME-1926-SM-5SI9S",0.825840504786529
"GTEX-14DAQ-2526-SM-5RQIO",0.825829772662439
"GTEX-Y8LW-1926-SM-4WWFZ",0.825748534273944
"GTEX-YF7O-1326-SM-4W1ZR",0.825741347418645
"GTEX-RTLS-2326-SM-46MUH",0.825719497729868
"GTEX-13U4I-1526-SM-5IFFF",0.825667610696708
"GTEX-R55D-0826-SM-48FEA",0.825654747515988
"GTEX-R55C-0326-SM-3GAF1",0.825624334994655
"GTEX-T6MO-1726-SM-33HB8",0.8255454367433
"GTEX-WHSB-0726-SM-4M1XQ",0.825544186506121
"GTEX-ZDTT-0526-SM-5HL4M",0.825535482259904
"GTEX-11EM3-2226-SM-5H11Y",0.825508709409209
"GTEX-ZAJG-1626-SM-5HL7I",0.825457339150301
"GTEX-WWYW-0826-SM-3NB2X",0.825443247243658
"GTEX-ZYVF-0526-SM-5E43E",0.825440449988307
"GTEX-ZAK1-1226-SM-5Q5AA",0.825417788042512
"GTEX-PLZ4-0726-SM-2TC6Q",0.825363757339562
"GTEX-145MI-1126-SM-5O9AK",0.825296320439111
"GTEX-13VXT-1226-SM-5LU3M",0.825267377741311
"GTEX-XQ8I-1326-SM-4BOPV",0.825220068423356
"GTEX-13X6I-0926-SM-5LUAB",0.825155684310706
"GTEX-11P82-0326-SM-5HL51",0.825143570925502
"GTEX-1445S-1126-SM-5QGOW",0.82513530071263
"GTEX-13OVJ-2326-SM-5IJGA",0.825128911800025
"GTEX-1211K-1126-SM-5EGGB",0.825117415521985
"GTEX-13RTK-1826-SM-5S2P3",0.825104919821471
"GTEX-13NYB-0426-SM-5IJDD",0.825100667346261
"GTEX-12WSC-0226-SM-5EQ52",0.82502336550613
"GTEX-Y111-1626-SM-57WCY",0.824975170434009
"GTEX-11EI6-0526-SM-5985S",0.82495636782538
"GTEX-XPVG-0526-SM-4B65N",0.824950794355771
"GTEX-X638-0126-SM-47JZ8",0.824926790061562
"GTEX-13D11-1726-SM-5IFGQ",0.824915839899113
"GTEX-13PVQ-1326-SM-5LU4J",0.824771005571066
"GTEX-ZAK1-0226-SM-5CVMX",0.824694264246655
"GTEX-RUSQ-0526-SM-2TF72",0.824587128808081
"GTEX-145LV-0326-SM-5Q5BW",0.824577574533959
"GTEX-WHSB-1626-SM-3LK6J",0.824508255821168
"GTEX-1399S-0526-SM-5IJG8",0.824488851724174
"GTEX-14A5I-1326-SM-5SIAQ",0.824453047401343
"GTEX-ZF2S-2126-SM-4WWAY",0.824452603044401
"GTEX-ZE9C-2826-SM-5S2MO",0.824426199096392
"GTEX-ZYW4-1126-SM-5SI99",0.824407052203749
"GTEX-13O1R-1026-SM-5KM2L",0.824292009921578
"GTEX-117XS-1926-SM-5GICO",0.824261400375158
"GTEX-WI4N-1126-SM-3LK7Q",0.824240369727906
"GTEX-1399R-1326-SM-5PNYS",0.82417988887672
"GTEX-145MF-1726-SM-5LU9H",0.824143053753779
"GTEX-13W46-1826-SM-5K7VA",0.824126772249402
"GTEX-Y3I4-0726-SM-4TT7M",0.824097079186129
"GTEX-11ONC-0526-SM-5BC57",0.824082786990205
"GTEX-Y5V5-1026-SM-5LUAH",0.824056847090725
"GTEX-XQ8I-2426-SM-4WAXY",0.824000084823189
"GTEX-Y8LW-1026-SM-5IFJY",0.823932771602087
"GTEX-Y114-0426-SM-4TT6V",0.823824315962291
"GTEX-131XG-1426-SM-5GCMO",0.823819958234777
"GTEX-W5WG-2226-SM-4LMI3",0.823813595060957
"GTEX-13O21-1526-SM-5K7W4",0.823762538377191
"GTEX-YJ8A-1126-SM-5IFJU",0.823746725910527
"GTEX-11ZTS-1326-SM-5EQMA",0.823730930712753
"GTEX-ZF29-0126-SM-4WKGZ",0.82366432635922
"GTEX-12ZZY-0926-SM-5EQ6I",0.823375607315062
"GTEX-PSDG-0526-SM-2S1OH",0.823368026486955
"GTEX-146FH-2026-SM-5SI9I",0.823367594574727
"GTEX-11DXY-0826-SM-5EGGR",0.823283589145212
"GTEX-13PVQ-1426-SM-5J1O4",0.8232784624693
"GTEX-PWOO-2426-SM-2S1OV",0.823216732946517
"GTEX-145ME-0926-SM-5O9AR",0.82321668248802
"GTEX-132NY-0726-SM-5KLZM",0.822990238483811
"GTEX-PWOO-0626-SM-48TZH",0.822974537895113
"GTEX-131XH-2726-SM-5GCO2",0.822941357339468
"GTEX-12WSK-0826-SM-5CVNP",0.822914132470695
"GTEX-ZYWO-1326-SM-5SI8X",0.822896407004473
"GTEX-ZPU1-1526-SM-4YCFF",0.82286092970109
"GTEX-QEG5-0326-SM-2S1PB",0.822850516424601
"GTEX-ZAB5-1926-SM-5HL7O",0.822835393653891
"GTEX-QXCU-0926-SM-48FEP",0.822760971190379
"GTEX-13O61-2126-SM-5IJEO",0.822741587011273
"GTEX-S4Q7-1626-SM-3K2AE",0.822737378693357
"GTEX-P4PQ-1626-SM-2HMKK",0.822661556964234
"GTEX-13O3O-0826-SM-5K7WE",0.822610814244074
"GTEX-Y8DK-0326-SM-4TT3P",0.822568435111753
"GTEX-12WSD-1026-SM-5EQ42",0.822487751208458
"GTEX-13CF3-1126-SM-5LZXB",0.822457149968389
"GTEX-WEY5-0426-SM-3GIKT",0.822437803562272
"GTEX-11ILO-0226-SM-5N9D3",0.822370499647684
"GTEX-11DXZ-2226-SM-5EGH2",0.822358000880775
"GTEX-X62O-0126-SM-4E3JN",0.822345138969923
"GTEX-13PVR-0526-SM-5S2OB",0.822334867814234
"GTEX-12BJ1-0126-SM-5LU9P",0.822215135908585
"GTEX-ZP4G-2126-SM-57WEA",0.82219522107883
"GTEX-111CU-1026-SM-5EGIL",0.82218091720451
"GTEX-WHSE-0826-SM-4SOJU",0.822166242549485
"GTEX-111YS-1226-SM-5EGGJ",0.822165966266269
"GTEX-Y114-2026-SM-4TT7L",0.822134996694895
"GTEX-UTHO-1026-SM-3GAF7",0.822087794554814
"GTEX-REY6-2126-SM-48FD9",0.821982745657856
"GTEX-WWYW-2726-SM-4MVOP",0.821792988569496
"GTEX-13W3W-2426-SM-5LU5B",0.821733096257272
"GTEX-PW2O-0826-SM-48TC5",0.821723414395071
"GTEX-XBED-1226-SM-4AT5V",0.821715603138909
"GTEX-RWS6-1126-SM-47JXC",0.821651336885797
"GTEX-145MO-0826-SM-5NQBL",0.821615891628846
"GTEX-PLZ4-0126-SM-5SI8O",0.821571923131329
"GTEX-WYJK-1426-SM-3NM8V",0.821561892398532
"GTEX-S33H-1226-SM-4AD69",0.821477876087549
"GTEX-WQUQ-1526-SM-4OOSM",0.821441859118612
"GTEX-SIU8-0126-SM-2XCDT",0.821429465004027
"GTEX-OHPL-0526-SM-2HMIX",0.821302096442562
"GTEX-OHPN-0226-SM-48TBV",0.821297001155291
"GTEX-XMD2-0926-SM-4WWEF",0.821287483931866
"GTEX-WWYW-1326-SM-3NB2S",0.821211325116154
"GTEX-XYKS-2226-SM-4E3IU",0.821185709116198
"GTEX-145ME-1526-SM-5Q5F2",0.821099399178423
"GTEX-SNMC-1426-SM-2XCFM",0.820992638751944
"GTEX-P4PQ-0526-SM-2HMKR",0.820978823401707
"GTEX-13O3O-1526-SM-5KM1C",0.820942500877707
"GTEX-144GM-1926-SM-5LUAN",0.820908913586856
"GTEX-144GN-2326-SM-5LU4F",0.820886372309569
"GTEX-QXCU-0826-SM-2TC6F",0.820832146041767
"GTEX-QDVJ-1326-SM-48U1X",0.820826835368726
"GTEX-ZE9C-2726-SM-57WB5",0.820825626453711
"GTEX-13NYB-0226-SM-5N9G4",0.820793302508568
"GTEX-WXYG-2026-SM-4E3IY",0.820738511496061
"GTEX-WI4N-0726-SM-3TW93",0.820674357403273
"GTEX-ZC5H-0826-SM-5N9FH",0.820662568709364
"GTEX-13VXT-0226-SM-5LU9Q",0.820617893405473
"GTEX-13NYC-0326-SM-5K7WP",0.820608581889409
"GTEX-ZAJG-0626-SM-5HL8X",0.820341762480633
"GTEX-XQ8I-0126-SM-4BOPL",0.820273793577112
"GTEX-S4UY-0726-SM-4AD6X",0.820196349840993
"GTEX-13CF3-2326-SM-5IFGL",0.820132857963053
"GTEX-146FH-0226-SM-5QGPQ",0.820123156174883
"GTEX-132Q8-0626-SM-5L3F3",0.820061668619186
"GTEX-12WSC-0326-SM-5EQ5E",0.819922207515852
"GTEX-QDVN-2126-SM-5SI7X",0.819909017469073
"GTEX-1313W-0126-SM-5LZUN",0.819844547489424
"GTEX-XQ8I-1926-SM-4BOOK",0.819840489884488
"GTEX-QMRM-1126-SM-447BN",0.819831135509355
"GTEX-QVJO-0526-SM-447CE",0.81981343831127
"GTEX-WOFM-2126-SM-4OOSR",0.819732677691492
"GTEX-QEG5-1226-SM-447AR",0.819723568631542
"GTEX-13X6I-1026-SM-5LU4C",0.819693028134762
"GTEX-117YW-2626-SM-5GZZH",0.819681848123609
"GTEX-ZDTS-0526-SM-4WKH9",0.81965896629639
"GTEX-132Q8-1426-SM-5EGK7",0.819638433830826
"GTEX-13111-2226-SM-5LZUE",0.819632975389784
"GTEX-PW2O-1926-SM-2S1OB",0.819613594478564
"GTEX-T5JW-1826-SM-3GAE1",0.819598935156729
"GTEX-QCQG-0326-SM-2I3ES",0.819549018435424
"GTEX-Q2AI-1126-SM-48U19",0.819501149424592
"GTEX-111FC-2526-SM-5GZXU",0.81948931489009
"GTEX-ZLV1-0926-SM-5S2MR",0.81941567381644
"GTEX-O5YT-0526-SM-32PK8",0.819389916374475
"GTEX-13N1W-1026-SM-5IJC5",0.819350236803636
"GTEX-WEY5-2126-SM-3GILK",0.819290208307589
"GTEX-OHPM-1426-SM-3TW8Y",0.819282365806542
"GTEX-UJMC-0426-SM-4IHJF",0.819270260222649
"GTEX-OXRP-0226-SM-48TDH",0.819194426942399
"GTEX-145ME-0426-SM-5S2QP",0.819143674283336
"GTEX-148VJ-1526-SM-5Q5DU",0.819129207577717
"GTEX-XAJ8-1026-SM-47JY9",0.819059452460388
"GTEX-WK11-2526-SM-3NM9Y",0.819008514919663
"GTEX-13N2G-0226-SM-5K7VF",0.818968365795195
"GTEX-148VJ-0426-SM-5S2V8",0.818919324847211
"GTEX-XBED-2626-SM-4E3J5",0.818863209432117
"GTEX-13OVH-1126-SM-5K7YP",0.818844227309101
"GTEX-145MH-0326-SM-5LU8H",0.81881175950919
"GTEX-ZLV1-0126-SM-4WWBZ",0.818749109544619
"GTEX-13N1W-0626-SM-5MR4U",0.818718952203626
"GTEX-QV31-0226-SM-447BO",0.818677184543127
"GTEX-13RTK-1626-SM-5QGQS",0.818642531579671
"GTEX-QDVN-2126-SM-33HBS",0.818618417712222
"GTEX-OXRL-0526-SM-2I3EZ",0.818579600039095
"GTEX-QEG4-0926-SM-4R1JO",0.818543816822376
"GTEX-ZVZP-2526-SM-57WBR",0.818476227430931
"GTEX-ZAB4-0426-SM-5HL7N",0.818440838131254
"GTEX-Y5V6-2026-SM-5IFHO",0.818407650913541
"GTEX-NPJ8-2226-SM-3TW8D",0.818396501729503
"GTEX-ZVT2-0226-SM-5GIE3",0.81823979304274
"GTEX-12WS9-0226-SM-5EQ4X",0.818215827494204
"GTEX-11DXX-2726-SM-5PNXO",0.818065259424918
"GTEX-QMRM-1226-SM-447C6",0.818059969392777
"GTEX-13112-2626-SM-5BC66",0.817970256090609
"GTEX-1497J-0326-SM-5Q5CN",0.817942773291286
"GTEX-ZYFD-2126-SM-5E43D",0.817928532378412
"GTEX-U3ZM-1226-SM-3DB9G",0.81790323396077
"GTEX-O5YT-1626-SM-32PK6",0.817900350998359
"GTEX-11OC5-0126-SM-5HL6A",0.817890198429216
"GTEX-ZF28-0726-SM-4WKFU",0.817866682643638
"GTEX-Y3I4-2026-SM-4TT6Z",0.817774804461725
"GTEX-145LT-0326-SM-5LUAD",0.817650900457497
"GTEX-ZYT6-0526-SM-5GIEA",0.817601324599551
"GTEX-13O1R-2526-SM-5N9FW",0.817575087093113
"GTEX-145LU-2026-SM-5Q5E8",0.817565559409436
"GTEX-117XS-0426-SM-5GZZN",0.817508103979876
"GTEX-ZUA1-2826-SM-59HLE",0.817480633486304
"GTEX-12WSB-0326-SM-5GCP4",0.817477576791696
"GTEX-OHPK-1526-SM-3MJGM",0.81726032952876
"GTEX-13VXU-0126-SM-5SI9F",0.817244913495151
"GTEX-ZVT3-0126-SM-5GU6I",0.817239725045067
"GTEX-117YW-0226-SM-5N9CM",0.817160918808617
"GTEX-1314G-1326-SM-5BC6E",0.817132062172355
"GTEX-OXRK-0226-SM-3NB2G",0.817045580468047
"GTEX-QLQW-0726-SM-447AA",0.81699470160093
"GTEX-13JUV-2026-SM-5K7UA",0.816965479076707
"GTEX-RN64-0326-SM-2TC5J",0.816834128364431
"GTEX-11P82-1826-SM-5PNYJ",0.816774350054411
"GTEX-ZYFG-1526-SM-5GZYM",0.816764353845562
"GTEX-139TS-2626-SM-5J1MT",0.816729910827456
"GTEX-145LT-1726-SM-5QGP3",0.81671333678352
"GTEX-13W46-0226-SM-5SIAG",0.816634990910885
"GTEX-S7SF-0426-SM-3K2B7",0.816605996951414
"GTEX-X585-1026-SM-46MW6",0.816579325724878
"GTEX-WK11-2726-SM-3NMAQ",0.816577058145409
"GTEX-1211K-2026-SM-5EQ4Z",0.81647735124053
"GTEX-WHSB-1226-SM-4M1XR",0.816310911786848
"GTEX-ZUA1-0326-SM-5NQA3",0.816240167397696
"GTEX-13X6I-0626-SM-5QGP9",0.816050973243073
"GTEX-ZYWO-0226-SM-5GZX3",0.816038208362752
"GTEX-ZVT3-2126-SM-59HL2",0.81593081447
"GTEX-ZUA1-2626-SM-5NQ92",0.815917851075749
"GTEX-QDT8-0126-SM-48TZ1",0.815884135920007
"GTEX-XPVG-2526-SM-4B66D",0.815877050205562
"GTEX-144GN-1226-SM-5O991",0.815864060379404
"GTEX-WY7C-2126-SM-3NB2R",0.815810814748976
"GTEX-U8XE-2526-SM-4E3IT",0.815797205108441
"GTEX-PWCY-2026-SM-5SI8R",0.815742478566498
"GTEX-YJ8O-2526-SM-5HL85",0.815718006002602
"GTEX-WHSB-0326-SM-3LK6K",0.815691805199215
"GTEX-WVJS-0126-SM-4MVOT",0.815681458651021
"GTEX-XBEC-0626-SM-4QARY",0.815638714256729
"GTEX-13D11-0326-SM-5LZXX",0.815617354578068
"GTEX-ZDXO-3126-SM-5IJDF",0.815596731717555
"GTEX-WK11-1026-SM-4OOS8",0.815570232954554
"GTEX-14753-2426-SM-5LU8U",0.815555404932403
"GTEX-11ILO-0126-SM-5A5LN",0.815527449317202
"GTEX-YJ89-1526-SM-5P9IR",0.815490127609573
"GTEX-144GO-1326-SM-5Q5EL",0.815478939217814
"GTEX-13111-0626-SM-5LZVR",0.815469760071734
"GTEX-ZF29-1526-SM-4WKF7",0.815399585183935
"GTEX-OHPL-0526-SM-4M1XS",0.8153589023861
"GTEX-1269C-0826-SM-5N9EM",0.815291901346382
"GTEX-PSDG-1526-SM-48TCY",0.815271085905503
"GTEX-1497J-0826-SM-5NQAJ",0.815268814416514
"GTEX-X4EO-0326-SM-3P5YO",0.815238003056629
"GTEX-1192X-1026-SM-5H12P",0.81518823485879
"GTEX-ZQUD-0526-SM-57WG4",0.815151903184166
"GTEX-S4P3-1226-SM-4AD4Y",0.81510823701064
"GTEX-139D8-0726-SM-5P9GJ",0.815084523115923
"GTEX-ZDYS-1926-SM-5HL59",0.815039868157827
"GTEX-14753-1726-SM-5NQ9X",0.815038509722418
"GTEX-ZC5H-1526-SM-5HL9Y",0.815030788985602
"GTEX-13JUV-2326-SM-5IJCE",0.815027965723505
"GTEX-117YX-1326-SM-5H125",0.815005740465776
"GTEX-OXRL-0126-SM-2YUMP",0.814963740829919
"GTEX-144GO-2026-SM-5O99P",0.81492914220733
"GTEX-13O21-0626-SM-5IJDI",0.814921326295692
"GTEX-13113-0426-SM-5GCOD",0.81487809797414
"GTEX-OOBK-0226-SM-2YUMF",0.814876043018202
"GTEX-U3ZM-0426-SM-57WG1",0.814799188014726
"GTEX-QV44-1926-SM-2S1RF",0.814784526175707
"GTEX-QV44-2026-SM-2S1RD",0.814781613368879
"GTEX-12BJ1-2526-SM-5FQUE",0.814760468653142
"GTEX-XPT6-2026-SM-4B64V",0.814670602210518
"GTEX-ZYFC-0426-SM-5GICQ",0.814577323498882
"GTEX-117YX-2526-SM-5EQ4Q",0.814564901708473
"GTEX-146FH-1226-SM-5NQB6",0.814561934821392
"GTEX-1314G-2026-SM-5LZUM",0.814559791573865
"GTEX-12ZZY-0226-SM-5LZVE",0.814530712540257
"GTEX-N7MS-0426-SM-2YUN6",0.81451879952881
"GTEX-11I78-1726-SM-5A5M3",0.814321774604273
"GTEX-QEL4-1326-SM-447AD",0.814254282075049
"GTEX-SUCS-1926-SM-32PM3",0.814237004084345
"GTEX-T5JC-0626-SM-3NMA6",0.814224997981487
"GTEX-ZF29-0826-SM-5S2NP",0.814221325912979
"GTEX-OOBJ-1626-SM-2I3F7",0.814138650417464
"GTEX-11XUK-2026-SM-5EQLF",0.8140771147115
"GTEX-U4B1-1626-SM-3DB8N",0.814046718905202
"GTEX-XGQ4-0826-SM-4AT4T",0.81394133468268
"GTEX-Q734-1026-SM-48U16",0.813882027402701
"GTEX-ZQUD-1726-SM-51MRQ",0.813793025051237
"GTEX-YEC4-1826-SM-4W1YP",0.813741571419323
"GTEX-OHPL-0126-SM-2HMJ7",0.813739746492105
"GTEX-NL3G-2526-SM-4SOIE",0.813738659792596
"GTEX-ZTTD-1126-SM-51MRP",0.813655085109942
"GTEX-147F4-0626-SM-5LUAK",0.813420182179452
"GTEX-YECK-0626-SM-4W1ZE",0.813376892023691
"GTEX-T8EM-1226-SM-4DM5J",0.813365472973042
"GTEX-YEC4-2126-SM-5IFJH",0.813361955109413
"GTEX-ZAK1-2326-SM-5CVMY",0.813322593731779
"GTEX-ZYVF-0626-SM-5E43Q",0.81331052216758
"GTEX-11VI4-0526-SM-5EQ48",0.813279970108837
"GTEX-TMZS-0126-SM-3DB9Q",0.813270584879517
"GTEX-T2IS-0126-SM-4DM6O",0.813218310027365
"GTEX-11EMC-2626-SM-59864",0.813174164210393
"GTEX-11XUK-0226-SM-5EQLW",0.813169055147688
"GTEX-ZYW4-0126-SM-5E44A",0.813043638611876
"GTEX-ZPU1-1926-SM-57WDT",0.81303298266679
"GTEX-WEY5-0926-SM-4LMI4",0.812924020351242
"GTEX-YB5E-2126-SM-5IFI7",0.812881415757793
"GTEX-1212Z-1026-SM-5EGJ8",0.812876466622395
"GTEX-13U4I-2226-SM-5LU5H",0.812870677173226
"GTEX-OIZI-1026-SM-3NB1K",0.812851941385786
"GTEX-Q2AG-0426-SM-2S1PU",0.812818190284851
"GTEX-11P7K-2126-SM-5GU7G",0.812792002464048
"GTEX-145LS-0526-SM-5LU8Y",0.812710415735725
"GTEX-OXRO-1926-SM-2S1O3",0.812691148729638
"GTEX-Z93T-0126-SM-5HL5N",0.812681532289566
"GTEX-R3RS-1026-SM-3GADF",0.812668482372523
"GTEX-11P7K-1126-SM-5HL4L",0.812626564074391
"GTEX-NPJ8-1626-SM-2HMIY",0.81255112072183
"GTEX-14BMU-1926-SM-5S2QC",0.812522029192883
"GTEX-RVPU-2426-SM-2XCAR",0.812474839684867
"GTEX-13OVI-1726-SM-5L3DW",0.812379913860483
"GTEX-ZDYS-0426-SM-5IJEQ",0.812370776675091
"GTEX-11ZUS-2626-SM-5FQUR",0.812316562230023
"GTEX-111VG-2426-SM-5GZXD",0.812306616484929
"GTEX-ZV6S-2126-SM-4YCEM",0.812278573967142
"GTEX-XUW1-0426-SM-4BOOT",0.812161277589112
"GTEX-13NYB-0126-SM-5J1MD",0.812114879290171
"GTEX-N7MS-1626-SM-3LK5F",0.81186605933018
"GTEX-XV7Q-2526-SM-4BRV9",0.81176208760528
"GTEX-14DAR-2026-SM-5S2O3",0.811678121793274
"GTEX-146FQ-0126-SM-5NQA9",0.811672727051146
"GTEX-ZY6K-1226-SM-5GZYL",0.811506593084596
"GTEX-13FTX-0326-SM-5J2NG",0.811496252489994
"GTEX-WI4N-0926-SM-3LK7K",0.811435433989599
"GTEX-P4QT-1426-SM-3NMCX",0.811344883430007
"GTEX-139TU-0726-SM-5L3EK",0.811333264448191
"GTEX-13OW6-1826-SM-5N9F9",0.811326022249233
"GTEX-13FTX-1526-SM-5K7VJ",0.81131840225063
"GTEX-11WQK-0326-SM-5EQL1",0.811303999647873
"GTEX-RNOR-0126-SM-2TF57",0.811284875365533
"GTEX-14DAR-0226-SM-5S2PR",0.811276024957042
"GTEX-ZVTK-0426-SM-51MRS",0.81123398753152
"GTEX-Q2AH-1826-SM-2S1Q2",0.811176748194244
"GTEX-13S86-1626-SM-5Q5C5",0.811161511353249
"GTEX-ZC5H-1726-SM-5HL7X",0.811131272224894
"GTEX-13JVG-1426-SM-5MR4W",0.811121316167975
"GTEX-111YS-0626-SM-5GZXV",0.811069212156366
"GTEX-WHSE-0526-SM-5GZZD",0.810967934634323
"GTEX-ZLV1-0826-SM-4WWEQ",0.810914624256282
"GTEX-T2YK-0226-SM-4DM5O",0.810883590449657
"GTEX-13OVL-0626-SM-5KM13",0.810862965516231
"GTEX-S32W-2326-SM-2XCAW",0.810773787935974
"GTEX-12696-0126-SM-5EQ4L",0.81076320838476
"GTEX-11VI4-1126-SM-5EQMD",0.810761603595872
"GTEX-111CU-2026-SM-5GZZC",0.810746253125801
"GTEX-QCQG-1726-SM-3GIJ9",0.810664011938556
"GTEX-X5EB-0426-SM-46MVY",0.810592002191598
"GTEX-139T8-0626-SM-5KLZX",0.810554215382634
"GTEX-13112-2826-SM-5DUWH",0.810534791812209
"GTEX-P4PQ-0126-SM-2S1NM",0.810502546998388
"GTEX-T5JC-0826-SM-32PMC",0.810492566310665
"GTEX-XV7Q-0126-SM-4BRVK",0.810451982284235
"GTEX-SE5C-0526-SM-2XCE1",0.810356869025343
"GTEX-Y8LW-1826-SM-5S2MV",0.810322759851421
"GTEX-Y114-1326-SM-4TT9A",0.810263037931046
"GTEX-RU72-0926-SM-2TF6B",0.810206031211819
"GTEX-ZVZQ-1526-SM-5N9G6",0.810169939788546
"GTEX-11WQK-0226-SM-5EQLI",0.810073185280744
"GTEX-RM2N-0426-SM-2TF4T",0.809918101010226
"GTEX-OIZI-0126-SM-3NB13",0.809917440526795
"GTEX-WYBS-1126-SM-3NMAM",0.809832276085294
"GTEX-XYKS-0526-SM-4BRW2",0.809677490614013
"GTEX-U8XE-0426-SM-3DB91",0.809659855479647
"GTEX-Y3IK-2626-SM-4WWDK",0.809604865868026
"GTEX-YB5E-0726-SM-4VDSH",0.809582709391864
"GTEX-111FC-0126-SM-5N9DL",0.809549070856617
"GTEX-QEG4-0226-SM-2S1PY",0.809475421313862
"GTEX-VJYA-1026-SM-4KL21",0.809452456439019
"GTEX-Y5LM-0326-SM-4VBRN",0.809408940542916
"GTEX-11XUK-0426-SM-5EQML",0.809322151346674
"GTEX-Z93S-1626-SM-5CVMB",0.809267328086658
"GTEX-13D11-0926-SM-5J2NC",0.809239441590913
"GTEX-T6MO-1626-SM-32QOM",0.809197207037283
"GTEX-YB5K-1726-SM-5IFIZ",0.809185902073865
"GTEX-WXYG-1626-SM-4ONCR",0.809158421839779
"GTEX-OIZG-0726-SM-33HBL",0.809144717382597
"GTEX-QLQW-1126-SM-2S1Q8",0.809074352864904
"GTEX-OIZH-0926-SM-48TBR",0.809066411438368
"GTEX-WYJK-2526-SM-4ONDF",0.809065027556268
"GTEX-OIZI-1426-SM-3NB1T",0.809026903541307
"GTEX-13FHP-0126-SM-5IJBG",0.809002481976124
"GTEX-ZTPG-2226-SM-57WF9",0.808942755645926
"GTEX-TMMY-0926-SM-4VBQZ",0.808904508074534
"GTEX-11P7K-0326-SM-59871",0.808866347947528
"GTEX-ZAB4-0626-SM-5CVN3",0.808836171618374
"GTEX-13W3W-2226-SM-5LU4M",0.808800532367371
"GTEX-P4QT-0526-SM-2I3EX",0.808794396592844
"GTEX-ZDTT-2726-SM-4WKF8",0.808776251553279
"GTEX-13S86-0626-SM-5Q5E7",0.808715715440594
"GTEX-11ZUS-1426-SM-5FQSP",0.808619409565927
"GTEX-11NSD-2226-SM-5986V",0.808482209942536
"GTEX-WXYG-2526-SM-3NB3F",0.808371761778406
"GTEX-13D11-2126-SM-5IFH2",0.808362531739634
"GTEX-ZYVF-1726-SM-5E443",0.808332070203672
"GTEX-TMMY-0926-SM-4WKH4",0.808305372052602
"GTEX-13PDP-0126-SM-5L3HD",0.808257147163184
"GTEX-14A5I-1226-SM-5NQBW",0.808217898687034
"GTEX-RVPV-1726-SM-2TF5W",0.808059291256766
"GTEX-U8XE-2026-SM-3DB8S",0.808028218205135
"GTEX-145LT-0926-SM-5LU9C",0.807979183260635
"GTEX-TMMY-0926-SM-4TT1Z",0.807670567254136
"GTEX-NPJ8-1926-SM-3MJGB",0.807565752441416
"GTEX-11O72-1326-SM-5BC5A",0.807406463142587
"GTEX-13NZB-2626-SM-5J2M7",0.807354343477435
"GTEX-QMRM-0226-SM-4R1K7",0.807314952156864
"GTEX-13IVO-0726-SM-5LZYV",0.807212534859001
"GTEX-ZEX8-0726-SM-4WKH8",0.807198757495628
"GTEX-Y3IK-1826-SM-4WWDS",0.807186883625462
"GTEX-N7MT-0126-SM-26GMB",0.807161799734065
"GTEX-147F3-1926-SM-5SIB9",0.807103740387181
"GTEX-145ME-1626-SM-5RQI3",0.807077676608153
"GTEX-ZT9X-1526-SM-5DUXD",0.806997493974883
"GTEX-Y5V5-0826-SM-4VBQD",0.806944107074321
"GTEX-U3ZN-0926-SM-4DXTU",0.806910500389506
"GTEX-13OVJ-0726-SM-5KM1W",0.806839820427242
"GTEX-13W3W-0726-SM-5IJDQ",0.806781013873609
"GTEX-13PVQ-0626-SM-5LU47",0.806778152194101
"GTEX-11ZTS-0526-SM-5CVL9",0.806765179294544
"GTEX-12ZZZ-0626-SM-5DUXI",0.806724519008623
"GTEX-12BJ1-0726-SM-5EGGF",0.806670249563265
"GTEX-13YAN-0326-SM-5O9DF",0.806585063332785
"GTEX-13FH7-1326-SM-5IFG8",0.806537035946689
"GTEX-11EQ9-2426-SM-5HL5T",0.80649083830904
"GTEX-13FLV-0126-SM-5K7WT",0.806373846349469
"GTEX-13N11-0126-SM-5KM2Z",0.806365739235386
"GTEX-14B4R-1426-SM-5Q5CG",0.806112668661572
"GTEX-12WS9-1526-SM-5FQT4",0.80609361048075
"GTEX-11EQ8-0926-SM-5H12V",0.806074687375492
"GTEX-13FTX-0726-SM-5N9BI",0.806051343437536
"GTEX-PWCY-1026-SM-48TD4",0.80596197133866
"GTEX-XPVG-2626-SM-4B669",0.805843887854204
"GTEX-PVOW-0126-SM-2XCFA",0.805823630076533
"GTEX-ZT9W-0726-SM-4YCDC",0.805770433887414
"GTEX-11NUK-0826-SM-5HL4U",0.80567175073976
"GTEX-14A5H-0826-SM-5QGPJ",0.805628241957889
"GTEX-13OW8-1326-SM-5J1OW",0.805570343948517
"GTEX-1339X-0626-SM-5IJER",0.805532445365318
"GTEX-ZLWG-1126-SM-4WWFQ",0.805425128128582
"GTEX-13FTW-2626-SM-5K7WL",0.805408746544474
"GTEX-NFK9-0126-SM-3LK5H",0.805407742697581
"GTEX-139D8-1126-SM-5LU8W",0.805351498551409
"GTEX-12WSJ-0226-SM-5GCP7",0.805338496367375
"GTEX-133LE-0626-SM-5IFFJ",0.8051961410716
"GTEX-WYVS-0526-SM-3NM9W",0.805011836281805
"GTEX-11P82-0826-SM-5P9GU",0.805000678606464
"GTEX-Z9EW-0526-SM-5HL8S",0.804996877265989
"GTEX-WH7G-1426-SM-4LVMU",0.804887077602897
"GTEX-13NYB-2426-SM-5IFF4",0.804817620803311
"GTEX-ZE7O-2726-SM-51MT5",0.804743271154441
"GTEX-13G51-1826-SM-5KLZH",0.804502075801018
"GTEX-ZPU1-1026-SM-4YCEQ",0.804419884561038
"GTEX-XV7Q-0426-SM-4BRVN",0.804373547218907
"GTEX-XQ8I-1126-SM-4BOO2",0.804306057933864
"GTEX-U3ZH-1026-SM-4DXUZ",0.804284378383766
"GTEX-ZF29-0926-SM-4WKFZ",0.804279760708781
"GTEX-ZYWO-1626-SM-5E44H",0.80408966424417
"GTEX-12WSJ-0526-SM-5GCOZ",0.804076923359381
"GTEX-YFC4-1026-SM-5RQJM",0.804014700663012
"GTEX-ZPU1-1426-SM-4WWFU",0.804013999542487
"GTEX-11ZTT-2126-SM-5CVLO",0.803987959026576
"GTEX-12WSK-2126-SM-5CVNC",0.80394438188301
"GTEX-X261-2426-SM-4PQZU",0.803912137745953
"GTEX-XMD2-1026-SM-4WWE8",0.80390429185812
"GTEX-W5X1-2526-SM-3GILC",0.803883422948628
"GTEX-117YW-2226-SM-5N9DB",0.803865000870211
"GTEX-X4EP-0526-SM-3P5YW",0.803831431617712
"GTEX-12WSK-1126-SM-5LZV8",0.803767559585813
"GTEX-147F3-0126-SM-5NQBJ",0.80376567463964
"GTEX-XUJ4-2626-SM-4BOQ3",0.803748110987724
"GTEX-1339X-2426-SM-5KLYU",0.803689116192994
"GTEX-U8XE-0326-SM-3DB8P",0.803669775935102
"GTEX-WHWD-0126-SM-4OORS",0.803606899967572
"GTEX-OHPK-2526-SM-3MJH9",0.803539948224834
"GTEX-12BJ1-1026-SM-5EGJA",0.803519172379298
"GTEX-NPJ8-0126-SM-2YUNR",0.803496062352683
"GTEX-ZV7C-0926-SM-59HL1",0.80338624489343
"GTEX-WFJO-2026-SM-4LVM3",0.803338838081756
"GTEX-PWCY-1726-SM-48TD3",0.803290108659473
"GTEX-U8XE-0226-SM-4E3J3",0.803220329574548
"GTEX-WFG7-1526-SM-4LVMG",0.80317406806342
"GTEX-R53T-1326-SM-48FCQ",0.803147790787452
"GTEX-13FXS-0226-SM-5IJCK",0.803022971578945
"GTEX-YEC4-1426-SM-5IFHS",0.802972841656284
"GTEX-XBEW-0626-SM-4QASP",0.802816801493458
"GTEX-TSE9-1226-SM-4DXTM",0.802788855844636
"GTEX-WYVS-0126-SM-4ONDH",0.80264972366857
"GTEX-14A5H-0326-SM-5RQIB",0.802588967671855
"GTEX-ZVT2-2126-SM-5NQ93",0.802586118182789
"GTEX-XQ8I-0626-SM-4BOPT",0.802073383536636
"GTEX-Y5V6-1026-SM-4VBS2",0.802016030788377
"GTEX-UPJH-0526-SM-4IHK8",0.8019513754854
"GTEX-ZP4G-0326-SM-4YCEF",0.801883356915551
"GTEX-13CF3-0426-SM-5IJEU",0.80160169222635
"GTEX-PLZ6-1426-SM-2S1OQ",0.801508944895515
"GTEX-Y9LG-1026-SM-5IFJN",0.801488529470658
"GTEX-13FH7-1226-SM-5IJFK",0.801397868655681
"GTEX-144GM-2026-SM-5LU3D",0.801300319115801
"GTEX-11TUW-0626-SM-5LU9M",0.80114107105533
"GTEX-QV31-0126-SM-447BP",0.801037777524523
"GTEX-14753-0526-SM-5QGPR",0.800961276939666
"GTEX-139UW-1126-SM-5IJEJ",0.800956717268678
"GTEX-11P81-0826-SM-5P9GR",0.800947470459573
"GTEX-PLZ5-0926-SM-3TW8L",0.800879205234073
"GTEX-14DAR-0326-SM-5S2PS",0.800789885393711
"GTEX-ZQUD-0426-SM-57WFR",0.80076357516853
"GTEX-YEC3-2526-SM-5CVLS",0.800712109918647
"GTEX-ZF2S-1926-SM-4WWAN",0.800645007836312
"GTEX-ZVE1-0726-SM-51MRN",0.800630183409842
"GTEX-11EMC-0126-SM-5EGKV",0.8005632651745
"GTEX-1313W-0926-SM-5EQ56",0.800552061189844
"GTEX-ZYVF-0926-SM-5E44J",0.800451601686387
"GTEX-1117F-0426-SM-5EGHI",0.80045022679571
"GTEX-145MN-0126-SM-5RQHY",0.800297910547602
"GTEX-W5WG-2426-SM-4LMI6",0.800268544432151
"GTEX-Y3I4-1726-SM-4TT89",0.800153535652805
"GTEX-144FL-2726-SM-5O98Z",0.800080154642151
"GTEX-WHSE-0126-SM-3NMBT",0.799999345731091
"GTEX-ZTX8-1126-SM-51MRM",0.799882254197519
"GTEX-ZYT6-1126-SM-5GZYR",0.799800886295075
"GTEX-146FH-1726-SM-5QGQ2",0.799748267613856
"GTEX-ZLFU-0526-SM-4WWBN",0.799660305490662
"GTEX-POMQ-0826-SM-3P61H",0.799425929129312
"GTEX-V955-1126-SM-4JBH3",0.79939463679073
"GTEX-YEC3-2526-101809-SM-5CVLT",0.799331056643479
"GTEX-X8HC-0626-SM-4E3HQ",0.799175698237817
"GTEX-ZLFU-1526-SM-4WWBT",0.79895495107868
"GTEX-YEC4-0126-SM-4W21T",0.798945682870998
"GTEX-11P7K-1026-SM-5HL6Y",0.798846338810155
"GTEX-OXRP-2326-SM-2S1NL",0.798585530210954
"GTEX-11TUW-1326-SM-5EQKV",0.798503838121632
"GTEX-P4QT-0126-SM-2I3FL",0.798363776722955
"GTEX-145ME-0526-SM-5QGQV",0.798135910415696
"GTEX-11LCK-2226-SM-5HL4Q",0.798098350299701
"GTEX-Y5V5-1626-SM-4VDSG",0.797879074250273
"GTEX-XBED-1026-SM-48TCB",0.79786549863774
"GTEX-Y114-0726-SM-4TT6U",0.797850391210496
"GTEX-PWCY-1826-SM-2S1OK",0.797832975607421
"GTEX-11ZU8-0126-SM-5EQ58",0.797739949741588
"GTEX-X8HC-0126-SM-4E3JW",0.797679558274946
"GTEX-Y3I4-0126-SM-4TT26",0.797628688194279
"GTEX-WQUQ-2426-SM-4MVNW",0.797501683049485
"GTEX-PLZ4-1626-SM-3P618",0.797391354839739
"GTEX-RUSQ-0826-SM-47JWW",0.797348955451702
"GTEX-YJ89-0126-SM-4TT3X",0.797308788159956
"GTEX-11GSP-1826-SM-5N9DQ",0.797286276359534
"GTEX-R55G-1026-SM-48FDI",0.797240378574159
"GTEX-11DXX-1826-SM-5H126",0.797109997975835
"GTEX-ZPCL-1726-SM-57WEO",0.796895673021244
"GTEX-11P82-1026-SM-5BC5J",0.796883707316243
"GTEX-ZP4G-1926-SM-57WDZ",0.796454299423353
"GTEX-11EQ9-0426-SM-5A5JY",0.796166462250973
"GTEX-1399U-2126-SM-5IFEZ",0.796163015988952
"GTEX-WHPG-1326-SM-4M1ZJ",0.796093644540337
"GTEX-Y9LG-1126-SM-4VBQ7",0.796037196585109
"GTEX-117YX-1626-SM-5GZZG",0.796008901183437
"GTEX-117XS-2726-SM-5N9BL",0.795934232760683
"GTEX-ZT9X-0526-SM-5GCOP",0.795826893750246
"GTEX-ZPCL-1426-SM-57WEC",0.795686690068116
"GTEX-YEC4-1726-SM-4W21E",0.795616960112822
"GTEX-QLQW-0526-SM-4R1KS",0.795535630664242
"GTEX-13G51-0426-SM-5K7Z5",0.795534027224167
"GTEX-13OVJ-1026-SM-5IFGI",0.795287500855999
"GTEX-11P7K-1626-SM-5GU63",0.795270399122224
"GTEX-13FTX-0526-SM-5IFGS",0.795205961708181
"GTEX-RUSQ-1726-SM-2TF68",0.795181568968548
"GTEX-PSDG-0426-SM-2S1OF",0.795078330539062
"GTEX-PLZ5-1126-SM-3P613",0.795067094745004
"GTEX-S32W-0926-SM-4AD5X",0.795046661645235
"GTEX-14C38-0726-SM-5SI6M",0.795025513405725
"GTEX-WWYW-0926-SM-3NB2Z",0.794995935419445
"GTEX-W5WG-1626-SM-4LMKG",0.79496402170709
"GTEX-N7MT-0326-SM-48TDP",0.794907971602126
"GTEX-R55C-0826-SM-48FCL",0.794899919491984
"GTEX-133LE-1426-SM-5IFH1",0.794516290258857
"GTEX-ZTX8-0226-SM-5E44D",0.794428387589047
"GTEX-131XG-1026-SM-5GCMX",0.794372233274576
"GTEX-R55E-1326-SM-48FCR",0.79388068318425
"GTEX-14DAR-1426-SM-5RQIR",0.793816300642279
"GTEX-11DXX-1626-SM-5H11H",0.793809212321942
"GTEX-1399S-1326-SM-5P9GH",0.793632038572682
"GTEX-TML8-1526-SM-4DXUX",0.793550883572573
"GTEX-WFG8-1326-SM-4LVN3",0.793541925930238
"GTEX-13CF3-1626-SM-5IFG9",0.793512484016321
"GTEX-Y5LM-1826-SM-4VDT9",0.793450978969109
"GTEX-14ICL-1926-SM-5RQIZ",0.793279285155423
"GTEX-133LE-1526-SM-5IFEN",0.793256225582095
"GTEX-XOTO-2126-SM-4B64U",0.79318244439317
"GTEX-ZYFD-1026-SM-5E43Z",0.793012511760773
"GTEX-13PL7-2626-SM-5IFH4",0.792746960168278
"GTEX-ZTSS-1926-SM-57WEW",0.792642410593685
"GTEX-QMRM-1526-SM-4R1K6",0.79261922804362
"GTEX-WYVS-1926-SM-4SOIC",0.792194520894684
"GTEX-S4Q7-0826-SM-4AD5E",0.7920671617316
"GTEX-WFJO-0826-SM-4LVM5",0.791821731367928
"GTEX-11I78-1526-SM-5A5K7",0.791802905217633
"GTEX-QV44-0126-SM-4R1KH",0.7918000914909
"GTEX-S4Q7-0126-SM-4AD5P",0.791736226729555
"GTEX-QESD-0826-SM-47J4G",0.791686130336865
"GTEX-YF7O-0926-SM-5IFIF",0.791450414663691
"GTEX-PWN1-0626-SM-48TDT",0.791438441728659
"GTEX-PWCY-0726-SM-48TCS",0.791413996985248
"GTEX-S341-0526-SM-4AD5U",0.790844857388875
"GTEX-13X6H-1326-SM-5LU42",0.790715448855838
"GTEX-13JVG-0726-SM-5KM16",0.790693331439166
"GTEX-R3RS-1326-SM-48FE7",0.79055704272905
"GTEX-11ZTS-1226-SM-5EQMQ",0.790548395809476
"GTEX-RN64-1026-SM-48FDX",0.790434196225483
"GTEX-148VJ-0826-SM-5LU8V",0.79039156833698
"GTEX-PW2O-0126-SM-48TC8",0.790349329303851
"GTEX-11DXZ-1726-SM-5H12M",0.790344809055429
"GTEX-1122O-1526-SM-5N9CL",0.790025532292463
"GTEX-11I78-1126-SM-5A5K5",0.789873495098948
"GTEX-12C56-1226-SM-5FQSU",0.789853938501116
"GTEX-WI4N-1026-SM-3LK7N",0.789792703669364
"GTEX-WOFM-0626-SM-4OOS3",0.789788561639657
"GTEX-ZDTS-1026-SM-4WAXS",0.789561832858638
"GTEX-WHSE-1526-SM-4M1XH",0.789513396571041
"GTEX-11NV4-1126-SM-5HL6J",0.789374254229061
"GTEX-YF7O-1826-SM-5IFIU",0.789197843476468
"GTEX-1399S-0126-SM-5IJCF",0.789185620070414
"GTEX-13N11-0926-SM-5IJG2",0.789137371247788
"GTEX-NFK9-1126-SM-3LK78",0.788971175866352
"GTEX-111VG-1626-SM-5EGIO",0.788879854840062
"GTEX-111CU-1426-SM-5GZYP",0.788808879798905
"GTEX-13OVH-1026-SM-5J2NP",0.788740800187692
"GTEX-S4Q7-0626-SM-4AD5M",0.788481070959935
"GTEX-1497J-0726-SM-5Q5D1",0.788011164139608
"GTEX-13CF3-1226-SM-5LZXN",0.787888837285491
"GTEX-ZTSS-0626-SM-59867",0.78771997383391
"GTEX-12KS4-1326-SM-5LUB3",0.787330383575935
"GTEX-13NYB-2226-SM-5MR58",0.787196115741107
"GTEX-ZYY3-2926-SM-5GIEB",0.787186478727731
"GTEX-132AR-2726-SM-5PNVN",0.787082881424085
"GTEX-U8XE-0726-SM-3DB8O",0.787000288601443
"GTEX-PWOO-1326-SM-48TCJ",0.78695837556355
"GTEX-Y8E4-1726-SM-5LU9G",0.786839448963888
"GTEX-T5JC-1726-SM-4DM6U",0.786804035340286
"GTEX-13O21-1226-SM-5J2MK",0.786649597326905
"GTEX-QDVN-0826-SM-48TZ2",0.786271615051539
"GTEX-NPJ8-2626-SM-26GMZ",0.785758202867136
"GTEX-Y8LW-0126-SM-4VBS1",0.785707336789703
"GTEX-ZAB4-0826-SM-5LU9D",0.785218556258182
"GTEX-XBED-2026-SM-4AT5D",0.785128786899808
"GTEX-145MN-1026-SM-5NQ9G",0.784852763893181
"GTEX-ZVP2-1526-SM-5NQ82",0.784590293030145
"GTEX-R55D-0126-SM-48FEL",0.784443367568148
"GTEX-XXEK-0326-SM-4BRVV",0.78442442639605
"GTEX-1269C-0926-SM-5FQSR",0.784158016839673
"GTEX-U3ZN-1626-SM-4DXTZ",0.784039273023258
"GTEX-131XE-1426-SM-5HL7V",0.783734808115365
"GTEX-XMK1-2026-SM-4B65K",0.783512995361736
"GTEX-Z9EW-0426-SM-5CVM9",0.782813292600872
"GTEX-P4QS-2126-SM-3NMCF",0.782707152373176
"GTEX-Y5LM-0426-SM-4VBRO",0.782591460057053
"GTEX-13N2G-0126-SM-5N9DV",0.782515233383819
"GTEX-T5JC-0726-SM-4DM55",0.782514285349917
"GTEX-SUCS-1326-SM-4DM5T",0.782317198742421
"GTEX-14C39-1726-SM-5RQIL",0.781210385647574
"GTEX-X4XY-1626-SM-46MVN",0.779631606176656
"GTEX-Q2AG-1126-SM-48U1P",0.779589366713216
"GTEX-OOBJ-2126-SM-3NB1N",0.778783646123984
"GTEX-131XH-0626-SM-5LZWH",0.77869189323533
"GTEX-12WSM-0726-SM-5GCOW",0.778566266640362
"GTEX-Q2AH-1526-SM-48TZG",0.77830475050034
"GTEX-ZUA1-2726-SM-59HLJ",0.778060196212833
"GTEX-ZDYS-0002-SM-4WKGR",0.777671775808323
"GTEX-13O3O-0726-SM-5J1N7",0.776936176375727
"GTEX-12WSL-0226-SM-5CVMJ",0.776297180257193
"GTEX-139YR-0226-SM-5IFEM",0.776178615063536
"GTEX-XBEC-1526-SM-4AT68",0.775348900076527
"GTEX-POYW-0006-SM-2XCF4",0.775092294706188
"GTEX-ZA64-1626-SM-5CVME",0.774875314020616
"GTEX-RWSA-1426-SM-47JXA",0.774139919702898
"GTEX-RNOR-0726-SM-2TF5I",0.772916227681296
"GTEX-11DXZ-0126-SM-5EGGY",0.772429416707691
"GTEX-UPIC-0926-SM-4IHLV",0.772153524871469
"GTEX-13SLX-1226-SM-5S2Q6",0.771142709529292
"GTEX-X261-1726-SM-4PQYT",0.771078437118961
"GTEX-U8T8-1126-SM-4DXUE",0.770443294656156
"GTEX-13FLV-0326-SM-5N9DJ",0.77041991280268
"GTEX-139TS-1426-SM-5IFJD",0.77033315207345
"GTEX-XLM4-1526-SM-4AT6D",0.769264856730949
"GTEX-U8XE-0126-SM-4E3I3",0.768970163083777
"GTEX-13112-1426-SM-5EGH8",0.768534717048745
"GTEX-144GL-0726-SM-5LU4P",0.765174687631675
"GTEX-13113-1326-SM-5GCOI",0.764963609307516
"GTEX-OHPM-2126-SM-3LK75",0.764672863952201
"GTEX-SNOS-1126-SM-4DM67",0.764397168081735
"GTEX-13VXU-0926-SM-5IFFH",0.764124693145183
"GTEX-XXEK-1126-SM-4BRUX",0.762248538166711
"GTEX-Y5V5-0926-SM-4VBPZ",0.760950375290466
"GTEX-11EQ8-1426-SM-5EGJR",0.760127898258382
"GTEX-XPT6-0006-SM-4B66Q",0.759442002596595
"GTEX-S7SE-0005-SM-2XCEA",0.75717837244856
"GTEX-11DXY-0526-SM-5EGGQ",0.75703190488881
"GTEX-XAJ8-1326-SM-47JYT",0.756761626909451
"GTEX-11OF3-1826-SM-5987N",0.755697890727124
"GTEX-PSDG-0005-SM-3GADC",0.755350713417289
"GTEX-QV31-1126-SM-4R1K4",0.755051481801222
"GTEX-ZAB5-2426-SM-5CVMW",0.754652069244625
"GTEX-XQ3S-2726-SM-4BOP2",0.753604067902594
"GTEX-11ILO-0006-SM-5LZWE",0.752351707999339
"GTEX-WZTO-0006-SM-3NM9T",0.751697959006123
"GTEX-ZVZQ-0006-SM-51MR8",0.751107885943502
"GTEX-POMQ-0006-SM-5SI7D",0.750575232207625
"GTEX-ZVTK-0006-SM-57WBK",0.749182856888039
"GTEX-11LCK-2326-SM-5HL53",0.7488117223155
"GTEX-RVPU-0005-SM-2TF6L",0.748649802932569
"GTEX-WYVS-0006-SM-3NMA7",0.748341778003722
"GTEX-N7MT-0007-SM-3GACQ",0.748171737594347
"GTEX-13112-0226-SM-5P9IV",0.746702467146579
"GTEX-Z93S-1726-SM-5HL8G",0.746673289872227
"GTEX-ZVP2-0005-SM-51MRK",0.746295876779218
"GTEX-11WQC-0006-SM-5LZVP",0.746162528585078
"GTEX-Y5V5-0006-SM-4V6FE",0.746053121409033
"GTEX-SJXC-0005-SM-2XCE7",0.745963495141726
"GTEX-W5WG-0006-SM-3GIJT",0.745591635375647
"GTEX-T6MN-2026-SM-4DM7L",0.745193948682019
"GTEX-QXCU-0006-SM-2TC5K",0.744383991982507
"GTEX-TML8-0005-SM-32QPA",0.741774805812539
"GTEX-VUSG-0006-SM-3GIK9",0.741342403058426
"GTEX-XPVG-0006-SM-4B65Z",0.740297737910924
"GTEX-XBEW-0006-SM-4AT4E",0.740100503928888
"GTEX-XYKS-0005-SM-4BRUD",0.73951613873028
"GTEX-11TUW-0006-SM-5LZW2",0.739284304567172
"GTEX-11XUK-0005-SM-5LU9F",0.739107402789421
"GTEX-139TU-0006-SM-5LZVN",0.738991000453907
"GTEX-V1D1-0006-SM-3NMCE",0.738750397468154
"GTEX-X638-0005-SM-47JX6",0.738462684516254
"GTEX-SNOS-0006-SM-32PLH",0.738107321264964
"GTEX-X62O-0005-SM-46MV1",0.738040672277354
"GTEX-131YS-0005-SM-5NQAS",0.737792508049006
"GTEX-Q2AG-0005-SM-5SI7F",0.737688685837043
"GTEX-139TT-0006-SM-5O9CG",0.737428206213648
"GTEX-WHSE-0006-SM-3NMBW",0.737423579831739
"GTEX-ZDXO-0006-SM-4WKGF",0.737306173939078
"GTEX-14A6H-0006-SM-5NQ7W",0.737085260721313
"GTEX-12WSD-0005-SM-5N9FZ",0.736944543598622
"GTEX-11OF3-0006-SM-5O9CM",0.736354669015306
"GTEX-PLZ5-0006-SM-5S2W5",0.736073665831778
"GTEX-ZQUD-0005-SM-4YCE5",0.734988423202446
"GTEX-YFC4-0006-SM-4RGLV",0.7347749251064
"GTEX-WVLH-0006-SM-3MJF7",0.734396473900526
"GTEX-ZV68-0006-SM-4YCEJ",0.733674707863494
"GTEX-T6MO-0006-SM-32QOU",0.733333679934761
"GTEX-12KS4-0005-SM-5SI94",0.733229298548958
"GTEX-Y3IK-0005-SM-4WWDE",0.732638199188344
"GTEX-ZVT4-0006-SM-57WB8",0.732293145276105
"GTEX-QLQW-0005-SM-2S1RA",0.732252168507882
"GTEX-148VJ-0006-SM-5NQB1",0.732039278965087
"GTEX-11WQC-2326-SM-5EQKE",0.731431323379123
"GTEX-ZVE2-0006-SM-51MRW",0.73117385362627
"GTEX-113IC-0006-SM-5NQ9C",0.730284657995565
"GTEX-12WSB-0006-SM-5O998",0.729946248626159
"GTEX-ZF3C-0005-SM-4WWAR",0.729862530995866
"GTEX-X261-0005-SM-4PQYX",0.728947846612145
"GTEX-11TT1-0005-SM-5NQ8Y",0.728242193554507
"GTEX-Y8E5-0006-SM-47JWQ",0.727653677046903
"GTEX-PLZ5-0006-SM-2S1NZ",0.727442307650443
"GTEX-ZC5H-0005-SM-4WAXM",0.727033815127749
"GTEX-139UC-0005-SM-5PNU7",0.726820427000018
"GTEX-14DAQ-0005-SM-5NQ7B",0.726575672247978
"GTEX-13CIG-0006-SM-5P9HF",0.726304803118831
"GTEX-13CZU-0005-SM-5LU8K",0.725484613505901
"GTEX-XMD2-0006-SM-4WWEG",0.724985808264797
"GTEX-WYBS-0005-SM-4ONDR",0.724219708349505
"GTEX-S4Q7-0006-SM-3K2AT",0.724202762955533
"GTEX-13S86-0005-SM-5NQ7I",0.723816924647367
"GTEX-ZP4G-0006-SM-4WWE6",0.723639765769013
"GTEX-11P81-0006-SM-5NQ7A",0.723133723249716
"GTEX-13OW6-0005-SM-5NQ9Z",0.72290693613182
"GTEX-X15G-0005-SM-3NMDA",0.722743684947768
"GTEX-13111-0005-SM-5NQ7Z",0.72270130255005
"GTEX-QLQ7-0005-SM-2S1QP",0.722104606528079
"GTEX-YB5E-0005-SM-4VDSO",0.721679484700278
"GTEX-XGQ4-0005-SM-4AT5U",0.721026283457561
"GTEX-WFJO-0005-SM-3GIKY",0.720781955684933
"GTEX-13VXU-0006-SM-5N9FF",0.720364707961128
"GTEX-WHSB-0005-SM-3LK7C",0.719387727714469
"GTEX-111YS-0006-SM-5NQBE",0.719312643982978
"GTEX-O5YW-0006-SM-3LK6E",0.719226638461081
"GTEX-11PRG-0005-SM-5NQ6X",0.718950312931089
"GTEX-14B4R-0006-SM-5O9A7",0.718801376360729
"GTEX-X88G-0006-SM-47JX5",0.718707207719517
"GTEX-ZVZP-0006-SM-51MSW",0.718655626092639
"GTEX-13O61-0005-SM-5O9AU",0.71789544990098
"GTEX-13S7M-0005-SM-5NQ76",0.717772987470475
"GTEX-XQ8I-0006-SM-4BOQ5",0.71695585044683
"GTEX-12WSM-0005-SM-5NQB3",0.716747772759528
"GTEX-12WSG-0005-SM-5NQA2",0.715797948633122
"GTEX-SE5C-0006-SM-4BRW5",0.71382197128424
"GTEX-XAJ8-0006-SM-46MVM",0.712780945488691
"GTEX-11DXX-0005-SM-5NQ8B",0.711411481599156
"GTEX-XUZC-0005-SM-4BOQ8",0.71030035461202
"GTEX-1497J-0005-SM-5NQBD",0.71029001105127
"GTEX-11I78-0005-SM-5N9GB",0.70977223702945
"GTEX-WFG8-0006-SM-3GIKS",0.709737514950341
"GTEX-11EM3-0005-SM-5N9DK",0.708904956778759
"GTEX-14ABY-0005-SM-5O99U",0.708816103671541
"GTEX-P4PQ-0005-SM-2HMKJ",0.703153422706806
"GTEX-12WSA-0005-SM-5O9BM",0.696315387280664
"GTEX-11NSD-0005-SM-5LZZ5",0.690735369789987
"GTEX-N7MS-0007-SM-26GMV",0.659169025856051
"GTEX-SUCS-0226-SM-5CHQG",0.0486060066957372
"GTEX-WFG8-1726-SM-5CHTE",0.0453515403661288
"GTEX-T6MN-1826-SM-5CHQB",0.042969217485667
"GTEX-W5X1-0226-SM-5CHTO",0.0429632078121783
"GTEX-SUCS-0626-SM-5CHQE",0.0391930410241562
"GTEX-U8XE-2126-SM-5CHRC",0.0370356770613333
